id_reg_pt,id_kls,nilai_angka,nilai_huruf,nilai_indeks
2001141,20141053
2001141,20141054
2001141,20141055
2001141,20141056
2001141,20141057
2001141,20141058
2001141,20141059
2001141,20141060
2001141,20141061
2001141,20141062
2001141,20141063
2001141,20141064
2001141,20141065
2001141,20141066
2001141,20141067
2001141,20141068
2001141,20141069
2001141,20141070
2001141,20141071
2001141,20141072
2001141,20141073
2001141,20141074
2001141,20141075
2001141,20141076
2001141,20141077
2001141,20141078
2001141,20141079
2001141,20141080
2001141,20141081
2001141,20141082
2001141,20141083
2001141,20141084
2001141,20141085
2001141,20141086
2001141,20141087
2001141,20141088
2001141,20141089
2001141,20141090
2001141,20141091
2001141,20141092
2001141,20141093
2001141,20141094
2001141,20141095
2001141,20141096
2001141,20141097
2001141,20141098
2002141,20141053
2002141,20141054
2002141,20141055
2002141,20141056
2002141,20141057
2002141,20141058
2002141,20141059
2002141,20141060
2002141,20141061
2002141,20141062
2002141,20141063
2002141,20141064
2002141,20141065
2002141,20141066
2002141,20141067
2002141,20141068
2002141,20141069
2002141,20141070
2002141,20141071
2002141,20141072
2002141,20141073
2002141,20141074
2002141,20141075
2002141,20141076
2002141,20141077
2002141,20141078
2002141,20141079
2002141,20141080
2002141,20141081
2002141,20141082
2002141,20141083
2002141,20141084
2002141,20141085
2002141,20141086
2002141,20141087
2002141,20141088
2002141,20141089
2002141,20141090
2002141,20141091
2002141,20141092
2002141,20141093
2002141,20141094
2002141,20141095
2002141,20141096
2002141,20141097
2002141,20141098
2003141,20141053
2003141,20141054
2003141,20141055
2003141,20141056
2003141,20141057
2003141,20141058
2003141,20141059
2003141,20141060
2003141,20141061
2003141,20141062
2003141,20141063
2003141,20141064
2003141,20141065
2003141,20141066
2003141,20141067
2003141,20141068
2003141,20141069
2003141,20141070
2003141,20141071
2003141,20141072
2003141,20141073
2003141,20141074
2003141,20141075
2003141,20141076
2003141,20141077
2003141,20141078
2003141,20141079
2003141,20141080
2003141,20141081
2003141,20141082
2003141,20141083
2003141,20141084
2003141,20141085
2003141,20141086
2003141,20141087
2003141,20141088
2003141,20141089
2003141,20141090
2003141,20141091
2003141,20141092
2003141,20141093
2003141,20141094
2003141,20141095
2003141,20141096
2003141,20141097
2003141,20141098
2004141,20141053
2004141,20141054
2004141,20141055
2004141,20141056
2004141,20141057
2004141,20141058
2004141,20141059
2004141,20141060
2004141,20141061
2004141,20141062
2004141,20141063
2004141,20141064
2004141,20141065
2004141,20141066
2004141,20141067
2004141,20141068
2004141,20141069
2004141,20141070
2004141,20141071
2004141,20141072
2004141,20141073
2004141,20141074
2004141,20141075
2004141,20141076
2004141,20141077
2004141,20141078
2004141,20141079
2004141,20141080
2004141,20141081
2004141,20141082
2004141,20141083
2004141,20141084
2004141,20141085
2004141,20141086
2004141,20141087
2004141,20141088
2004141,20141089
2004141,20141090
2004141,20141091
2004141,20141092
2004141,20141093
2004141,20141094
2004141,20141095
2004141,20141096
2004141,20141097
2004141,20141098
2005141,20141053
2005141,20141054
2005141,20141055
2005141,20141056
2005141,20141057
2005141,20141058
2005141,20141059
2005141,20141060
2005141,20141061
2005141,20141062
2005141,20141063
2005141,20141064
2005141,20141065
2005141,20141066
2005141,20141067
2005141,20141068
2005141,20141069
2005141,20141070
2005141,20141071
2005141,20141072
2005141,20141073
2005141,20141074
2005141,20141075
2005141,20141076
2005141,20141077
2005141,20141078
2005141,20141079
2005141,20141080
2005141,20141081
2005141,20141082
2005141,20141083
2005141,20141084
2005141,20141085
2005141,20141086
2005141,20141087
2005141,20141088
2005141,20141089
2005141,20141090
2005141,20141091
2005141,20141092
2005141,20141093
2005141,20141094
2005141,20141095
2005141,20141096
2005141,20141097
2005141,20141098
2006141,20141053
2006141,20141054
2006141,20141055
2006141,20141056
2006141,20141057
2006141,20141058
2006141,20141059
2006141,20141060
2006141,20141061
2006141,20141062
2006141,20141063
2006141,20141064
2006141,20141065
2006141,20141066
2006141,20141067
2006141,20141068
2006141,20141069
2006141,20141070
2006141,20141071
2006141,20141072
2006141,20141073
2006141,20141074
2006141,20141075
2006141,20141076
2006141,20141077
2006141,20141078
2006141,20141079
2006141,20141080
2006141,20141081
2006141,20141082
2006141,20141083
2006141,20141084
2006141,20141085
2006141,20141086
2006141,20141087
2006141,20141088
2006141,20141089
2006141,20141090
2006141,20141091
2006141,20141092
2006141,20141093
2006141,20141094
2006141,20141095
2006141,20141096
2006141,20141097
2006141,20141098
2007141,20141053
2007141,20141054
2007141,20141055
2007141,20141056
2007141,20141057
2007141,20141058
2007141,20141059
2007141,20141060
2007141,20141061
2007141,20141062
2007141,20141063
2007141,20141064
2007141,20141065
2007141,20141066
2007141,20141067
2007141,20141068
2007141,20141069
2007141,20141070
2007141,20141071
2007141,20141072
2007141,20141073
2007141,20141074
2007141,20141075
2007141,20141076
2007141,20141077
2007141,20141078
2007141,20141079
2007141,20141080
2007141,20141081
2007141,20141082
2007141,20141083
2007141,20141084
2007141,20141085
2007141,20141086
2007141,20141087
2007141,20141088
2007141,20141089
2007141,20141090
2007141,20141091
2007141,20141092
2007141,20141093
2007141,20141094
2007141,20141095
2007141,20141096
2007141,20141097
2007141,20141098
2008142,20141053
2008142,20141054
2008142,20141055
2008142,20141056
2008142,20141057
2008142,20141058
2008142,20141059
2008142,20141060
2008142,20141061
2008142,20141062
2008142,20141063
2008142,20141064
2008142,20141065
2008142,20141066
2008142,20141067
2008142,20141068
2008142,20141069
2008142,20141070
2008142,20141071
2008142,20141072
2008142,20141073
2008142,20141074
2008142,20141075
2008142,20141076
2008142,20141077
2008142,20141078
2008142,20141079
2008142,20141080
2008142,20141081
2008142,20141082
2008142,20141083
2008142,20141084
2008142,20141085
2008142,20141086
2008142,20141087
2008142,20141088
2008142,20141089
2008142,20141090
2008142,20141091
2008142,20141092
2008142,20141093
2008142,20141094
2008142,20141095
2008142,20141096
2008142,20141097
2008142,20141098
2009142,20141053
2009142,20141054
2009142,20141055
2009142,20141056
2009142,20141057
2009142,20141058
2009142,20141059
2009142,20141060
2009142,20141061
2009142,20141062
2009142,20141063
2009142,20141064
2009142,20141065
2009142,20141066
2009142,20141067
2009142,20141068
2009142,20141069
2009142,20141070
2009142,20141071
2009142,20141072
2009142,20141073
2009142,20141074
2009142,20141075
2009142,20141076
2009142,20141077
2009142,20141078
2009142,20141079
2009142,20141080
2009142,20141081
2009142,20141082
2009142,20141083
2009142,20141084
2009142,20141085
2009142,20141086
2009142,20141087
2009142,20141088
2009142,20141089
2009142,20141090
2009142,20141091
2009142,20141092
2009142,20141093
2009142,20141094
2009142,20141095
2009142,20141096
2009142,20141097
2009142,20141098
2010142,20141053
2010142,20141054
2010142,20141055
2010142,20141056
2010142,20141057
2010142,20141058
2010142,20141059
2010142,20141060
2010142,20141061
2010142,20141062
2010142,20141063
2010142,20141064
2010142,20141065
2010142,20141066
2010142,20141067
2010142,20141068
2010142,20141069
2010142,20141070
2010142,20141071
2010142,20141072
2010142,20141073
2010142,20141074
2010142,20141075
2010142,20141076
2010142,20141077
2010142,20141078
2010142,20141079
2010142,20141080
2010142,20141081
2010142,20141082
2010142,20141083
2010142,20141084
2010142,20141085
2010142,20141086
2010142,20141087
2010142,20141088
2010142,20141089
2010142,20141090
2010142,20141091
2010142,20141092
2010142,20141093
2010142,20141094
2010142,20141095
2010142,20141096
2010142,20141097
2010142,20141098
2011142,20141053
2011142,20141054
2011142,20141055
2011142,20141056
2011142,20141057
2011142,20141058
2011142,20141059
2011142,20141060
2011142,20141061
2011142,20141062
2011142,20141063
2011142,20141064
2011142,20141065
2011142,20141066
2011142,20141067
2011142,20141068
2011142,20141069
2011142,20141070
2011142,20141071
2011142,20141072
2011142,20141073
2011142,20141074
2011142,20141075
2011142,20141076
2011142,20141077
2011142,20141078
2011142,20141079
2011142,20141080
2011142,20141081
2011142,20141082
2011142,20141083
2011142,20141084
2011142,20141085
2011142,20141086
2011142,20141087
2011142,20141088
2011142,20141089
2011142,20141090
2011142,20141091
2011142,20141092
2011142,20141093
2011142,20141094
2011142,20141095
2011142,20141096
2011142,20141097
2011142,20141098
2012142,20141053
2012142,20141054
2012142,20141055
2012142,20141056
2012142,20141057
2012142,20141058
2012142,20141059
2012142,20141060
2012142,20141061
2012142,20141062
2012142,20141063
2012142,20141064
2012142,20141065
2012142,20141066
2012142,20141067
2012142,20141068
2012142,20141069
2012142,20141070
2012142,20141071
2012142,20141072
2012142,20141073
2012142,20141074
2012142,20141075
2012142,20141076
2012142,20141077
2012142,20141078
2012142,20141079
2012142,20141080
2012142,20141081
2012142,20141082
2012142,20141083
2012142,20141084
2012142,20141085
2012142,20141086
2012142,20141087
2012142,20141088
2012142,20141089
2012142,20141090
2012142,20141091
2012142,20141092
2012142,20141093
2012142,20141094
2012142,20141095
2012142,20141096
2012142,20141097
2012142,20141098
2013142,20141053
2013142,20141054
2013142,20141055
2013142,20141056
2013142,20141057
2013142,20141058
2013142,20141059
2013142,20141060
2013142,20141061
2013142,20141062
2013142,20141063
2013142,20141064
2013142,20141065
2013142,20141066
2013142,20141067
2013142,20141068
2013142,20141069
2013142,20141070
2013142,20141071
2013142,20141072
2013142,20141073
2013142,20141074
2013142,20141075
2013142,20141076
2013142,20141077
2013142,20141078
2013142,20141079
2013142,20141080
2013142,20141081
2013142,20141082
2013142,20141083
2013142,20141084
2013142,20141085
2013142,20141086
2013142,20141087
2013142,20141088
2013142,20141089
2013142,20141090
2013142,20141091
2013142,20141092
2013142,20141093
2013142,20141094
2013142,20141095
2013142,20141096
2013142,20141097
2013142,20141098
2014142,20141053
2014142,20141054
2014142,20141055
2014142,20141056
2014142,20141057
2014142,20141058
2014142,20141059
2014142,20141060
2014142,20141061
2014142,20141062
2014142,20141063
2014142,20141064
2014142,20141065
2014142,20141066
2014142,20141067
2014142,20141068
2014142,20141069
2014142,20141070
2014142,20141071
2014142,20141072
2014142,20141073
2014142,20141074
2014142,20141075
2014142,20141076
2014142,20141077
2014142,20141078
2014142,20141079
2014142,20141080
2014142,20141081
2014142,20141082
2014142,20141083
2014142,20141084
2014142,20141085
2014142,20141086
2014142,20141087
2014142,20141088
2014142,20141089
2014142,20141090
2014142,20141091
2014142,20141092
2014142,20141093
2014142,20141094
2014142,20141095
2014142,20141096
2014142,20141097
2014142,20141098
2015151,20141053
2015151,20141054
2015151,20141055
2015151,20141056
2015151,20141057
2015151,20141058
2015151,20141059
2015151,20141060
2015151,20141061
2015151,20141062
2015151,20141063
2015151,20141064
2015151,20141065
2015151,20141066
2015151,20141067
2015151,20141068
2015151,20141069
2015151,20141070
2015151,20141071
2015151,20141072
2015151,20141073
2015151,20141074
2015151,20141075
2015151,20141076
2015151,20141077
2015151,20141078
2015151,20141079
2015151,20141080
2015151,20141081
2015151,20141082
2015151,20141083
2015151,20141084
2015151,20141085
2015151,20141086
2015151,20141087
2015151,20141088
2015151,20141089
2015151,20141090
2015151,20141091
2015151,20141092
2015151,20141093
2015151,20141094
2015151,20141095
2015151,20141096
2015151,20141097
2015151,20141098
2016151,20141053
2016151,20141054
2016151,20141055
2016151,20141056
2016151,20141057
2016151,20141058
2016151,20141059
2016151,20141060
2016151,20141061
2016151,20141062
2016151,20141063
2016151,20141064
2016151,20141065
2016151,20141066
2016151,20141067
2016151,20141068
2016151,20141069
2016151,20141070
2016151,20141071
2016151,20141072
2016151,20141073
2016151,20141074
2016151,20141075
2016151,20141076
2016151,20141077
2016151,20141078
2016151,20141079
2016151,20141080
2016151,20141081
2016151,20141082
2016151,20141083
2016151,20141084
2016151,20141085
2016151,20141086
2016151,20141087
2016151,20141088
2016151,20141089
2016151,20141090
2016151,20141091
2016151,20141092
2016151,20141093
2016151,20141094
2016151,20141095
2016151,20141096
2016151,20141097
2016151,20141098
2017151,20141053
2017151,20141054
2017151,20141055
2017151,20141056
2017151,20141057
2017151,20141058
2017151,20141059
2017151,20141060
2017151,20141061
2017151,20141062
2017151,20141063
2017151,20141064
2017151,20141065
2017151,20141066
2017151,20141067
2017151,20141068
2017151,20141069
2017151,20141070
2017151,20141071
2017151,20141072
2017151,20141073
2017151,20141074
2017151,20141075
2017151,20141076
2017151,20141077
2017151,20141078
2017151,20141079
2017151,20141080
2017151,20141081
2017151,20141082
2017151,20141083
2017151,20141084
2017151,20141085
2017151,20141086
2017151,20141087
2017151,20141088
2017151,20141089
2017151,20141090
2017151,20141091
2017151,20141092
2017151,20141093
2017151,20141094
2017151,20141095
2017151,20141096
2017151,20141097
2017151,20141098
2018151,20141053
2018151,20141054
2018151,20141055
2018151,20141056
2018151,20141057
2018151,20141058
2018151,20141059
2018151,20141060
2018151,20141061
2018151,20141062
2018151,20141063
2018151,20141064
2018151,20141065
2018151,20141066
2018151,20141067
2018151,20141068
2018151,20141069
2018151,20141070
2018151,20141071
2018151,20141072
2018151,20141073
2018151,20141074
2018151,20141075
2018151,20141076
2018151,20141077
2018151,20141078
2018151,20141079
2018151,20141080
2018151,20141081
2018151,20141082
2018151,20141083
2018151,20141084
2018151,20141085
2018151,20141086
2018151,20141087
2018151,20141088
2018151,20141089
2018151,20141090
2018151,20141091
2018151,20141092
2018151,20141093
2018151,20141094
2018151,20141095
2018151,20141096
2018151,20141097
2018151,20141098
2019151,20141053
2019151,20141054
2019151,20141055
2019151,20141056
2019151,20141057
2019151,20141058
2019151,20141059
2019151,20141060
2019151,20141061
2019151,20141062
2019151,20141063
2019151,20141064
2019151,20141065
2019151,20141066
2019151,20141067
2019151,20141068
2019151,20141069
2019151,20141070
2019151,20141071
2019151,20141072
2019151,20141073
2019151,20141074
2019151,20141075
2019151,20141076
2019151,20141077
2019151,20141078
2019151,20141079
2019151,20141080
2019151,20141081
2019151,20141082
2019151,20141083
2019151,20141084
2019151,20141085
2019151,20141086
2019151,20141087
2019151,20141088
2019151,20141089
2019151,20141090
2019151,20141091
2019151,20141092
2019151,20141093
2019151,20141094
2019151,20141095
2019151,20141096
2019151,20141097
2019151,20141098
2020151,20141053
2020151,20141054
2020151,20141055
2020151,20141056
2020151,20141057
2020151,20141058
2020151,20141059
2020151,20141060
2020151,20141061
2020151,20141062
2020151,20141063
2020151,20141064
2020151,20141065
2020151,20141066
2020151,20141067
2020151,20141068
2020151,20141069
2020151,20141070
2020151,20141071
2020151,20141072
2020151,20141073
2020151,20141074
2020151,20141075
2020151,20141076
2020151,20141077
2020151,20141078
2020151,20141079
2020151,20141080
2020151,20141081
2020151,20141082
2020151,20141083
2020151,20141084
2020151,20141085
2020151,20141086
2020151,20141087
2020151,20141088
2020151,20141089
2020151,20141090
2020151,20141091
2020151,20141092
2020151,20141093
2020151,20141094
2020151,20141095
2020151,20141096
2020151,20141097
2020151,20141098
2021151,20141053
2021151,20141054
2021151,20141055
2021151,20141056
2021151,20141057
2021151,20141058
2021151,20141059
2021151,20141060
2021151,20141061
2021151,20141062
2021151,20141063
2021151,20141064
2021151,20141065
2021151,20141066
2021151,20141067
2021151,20141068
2021151,20141069
2021151,20141070
2021151,20141071
2021151,20141072
2021151,20141073
2021151,20141074
2021151,20141075
2021151,20141076
2021151,20141077
2021151,20141078
2021151,20141079
2021151,20141080
2021151,20141081
2021151,20141082
2021151,20141083
2021151,20141084
2021151,20141085
2021151,20141086
2021151,20141087
2021151,20141088
2021151,20141089
2021151,20141090
2021151,20141091
2021151,20141092
2021151,20141093
2021151,20141094
2021151,20141095
2021151,20141096
2021151,20141097
2021151,20141098
2022152,20141053
2022152,20141054
2022152,20141055
2022152,20141056
2022152,20141057
2022152,20141058
2022152,20141059
2022152,20141060
2022152,20141061
2022152,20141062
2022152,20141063
2022152,20141064
2022152,20141065
2022152,20141066
2022152,20141067
2022152,20141068
2022152,20141069
2022152,20141070
2022152,20141071
2022152,20141072
2022152,20141073
2022152,20141074
2022152,20141075
2022152,20141076
2022152,20141077
2022152,20141078
2022152,20141079
2022152,20141080
2022152,20141081
2022152,20141082
2022152,20141083
2022152,20141084
2022152,20141085
2022152,20141086
2022152,20141087
2022152,20141088
2022152,20141089
2022152,20141090
2022152,20141091
2022152,20141092
2022152,20141093
2022152,20141094
2022152,20141095
2022152,20141096
2022152,20141097
2022152,20141098
2023152,20141053
2023152,20141054
2023152,20141055
2023152,20141056
2023152,20141057
2023152,20141058
2023152,20141059
2023152,20141060
2023152,20141061
2023152,20141062
2023152,20141063
2023152,20141064
2023152,20141065
2023152,20141066
2023152,20141067
2023152,20141068
2023152,20141069
2023152,20141070
2023152,20141071
2023152,20141072
2023152,20141073
2023152,20141074
2023152,20141075
2023152,20141076
2023152,20141077
2023152,20141078
2023152,20141079
2023152,20141080
2023152,20141081
2023152,20141082
2023152,20141083
2023152,20141084
2023152,20141085
2023152,20141086
2023152,20141087
2023152,20141088
2023152,20141089
2023152,20141090
2023152,20141091
2023152,20141092
2023152,20141093
2023152,20141094
2023152,20141095
2023152,20141096
2023152,20141097
2023152,20141098
2024152,20141053
2024152,20141054
2024152,20141055
2024152,20141056
2024152,20141057
2024152,20141058
2024152,20141059
2024152,20141060
2024152,20141061
2024152,20141062
2024152,20141063
2024152,20141064
2024152,20141065
2024152,20141066
2024152,20141067
2024152,20141068
2024152,20141069
2024152,20141070
2024152,20141071
2024152,20141072
2024152,20141073
2024152,20141074
2024152,20141075
2024152,20141076
2024152,20141077
2024152,20141078
2024152,20141079
2024152,20141080
2024152,20141081
2024152,20141082
2024152,20141083
2024152,20141084
2024152,20141085
2024152,20141086
2024152,20141087
2024152,20141088
2024152,20141089
2024152,20141090
2024152,20141091
2024152,20141092
2024152,20141093
2024152,20141094
2024152,20141095
2024152,20141096
2024152,20141097
2024152,20141098
2025152,20141053
2025152,20141054
2025152,20141055
2025152,20141056
2025152,20141057
2025152,20141058
2025152,20141059
2025152,20141060
2025152,20141061
2025152,20141062
2025152,20141063
2025152,20141064
2025152,20141065
2025152,20141066
2025152,20141067
2025152,20141068
2025152,20141069
2025152,20141070
2025152,20141071
2025152,20141072
2025152,20141073
2025152,20141074
2025152,20141075
2025152,20141076
2025152,20141077
2025152,20141078
2025152,20141079
2025152,20141080
2025152,20141081
2025152,20141082
2025152,20141083
2025152,20141084
2025152,20141085
2025152,20141086
2025152,20141087
2025152,20141088
2025152,20141089
2025152,20141090
2025152,20141091
2025152,20141092
2025152,20141093
2025152,20141094
2025152,20141095
2025152,20141096
2025152,20141097
2025152,20141098
2026152,20141053
2026152,20141054
2026152,20141055
2026152,20141056
2026152,20141057
2026152,20141058
2026152,20141059
2026152,20141060
2026152,20141061
2026152,20141062
2026152,20141063
2026152,20141064
2026152,20141065
2026152,20141066
2026152,20141067
2026152,20141068
2026152,20141069
2026152,20141070
2026152,20141071
2026152,20141072
2026152,20141073
2026152,20141074
2026152,20141075
2026152,20141076
2026152,20141077
2026152,20141078
2026152,20141079
2026152,20141080
2026152,20141081
2026152,20141082
2026152,20141083
2026152,20141084
2026152,20141085
2026152,20141086
2026152,20141087
2026152,20141088
2026152,20141089
2026152,20141090
2026152,20141091
2026152,20141092
2026152,20141093
2026152,20141094
2026152,20141095
2026152,20141096
2026152,20141097
2026152,20141098
2027152,20141053
2027152,20141054
2027152,20141055
2027152,20141056
2027152,20141057
2027152,20141058
2027152,20141059
2027152,20141060
2027152,20141061
2027152,20141062
2027152,20141063
2027152,20141064
2027152,20141065
2027152,20141066
2027152,20141067
2027152,20141068
2027152,20141069
2027152,20141070
2027152,20141071
2027152,20141072
2027152,20141073
2027152,20141074
2027152,20141075
2027152,20141076
2027152,20141077
2027152,20141078
2027152,20141079
2027152,20141080
2027152,20141081
2027152,20141082
2027152,20141083
2027152,20141084
2027152,20141085
2027152,20141086
2027152,20141087
2027152,20141088
2027152,20141089
2027152,20141090
2027152,20141091
2027152,20141092
2027152,20141093
2027152,20141094
2027152,20141095
2027152,20141096
2027152,20141097
2027152,20141098
2028152,20141053
2028152,20141054
2028152,20141055
2028152,20141056
2028152,20141057
2028152,20141058
2028152,20141059
2028152,20141060
2028152,20141061
2028152,20141062
2028152,20141063
2028152,20141064
2028152,20141065
2028152,20141066
2028152,20141067
2028152,20141068
2028152,20141069
2028152,20141070
2028152,20141071
2028152,20141072
2028152,20141073
2028152,20141074
2028152,20141075
2028152,20141076
2028152,20141077
2028152,20141078
2028152,20141079
2028152,20141080
2028152,20141081
2028152,20141082
2028152,20141083
2028152,20141084
2028152,20141085
2028152,20141086
2028152,20141087
2028152,20141088
2028152,20141089
2028152,20141090
2028152,20141091
2028152,20141092
2028152,20141093
2028152,20141094
2028152,20141095
2028152,20141096
2028152,20141097
2028152,20141098
2001151,20151040
2001151,20151041
2001151,20151042
2001151,20151043
2001151,20151044
2001151,20151045
2001151,20151046
2001151,20151047
2001151,20151048
2001151,20151049
2001151,20151050
2001151,20151051
2001151,20151052
2001151,20151053
2001151,20151054
2001151,20151055
2001151,20151056
2001151,20151057
2001151,20151058
2001151,20151059
2001151,20151060
2001151,20151061
2001151,20151062
2001151,20151063
2001151,20151064
2001151,20151065
2001151,20151066
2001151,20151067
2001151,20151068
2001151,20151069
2001151,20151070
2001151,20151071
2001151,20151072
2001151,20151073
2001151,20151074
2001151,20151075
2001151,20151076
2001151,20151077
2001151,20151078
2001151,20151079
2001151,20151080
2001151,20151081
2001151,20151082
2001151,20151083
2001151,20151084
2001151,20151085
2001151,20151086
2001151,20151087
2001151,20151088
2001151,20151089
2001151,20151090
2001151,20151091
2001151,20151092
2001151,20151093
2001151,20151094
2001151,20151095
2001151,20151096
2001151,20151097
2001151,20151098
2001151,20151099
2001151,20151100
2001151,20151101
2002151,20151040
2002151,20151041
2002151,20151042
2002151,20151043
2002151,20151044
2002151,20151045
2002151,20151046
2002151,20151047
2002151,20151048
2002151,20151049
2002151,20151050
2002151,20151051
2002151,20151052
2002151,20151053
2002151,20151054
2002151,20151055
2002151,20151056
2002151,20151057
2002151,20151058
2002151,20151059
2002151,20151060
2002151,20151061
2002151,20151062
2002151,20151063
2002151,20151064
2002151,20151065
2002151,20151066
2002151,20151067
2002151,20151068
2002151,20151069
2002151,20151070
2002151,20151071
2002151,20151072
2002151,20151073
2002151,20151074
2002151,20151075
2002151,20151076
2002151,20151077
2002151,20151078
2002151,20151079
2002151,20151080
2002151,20151081
2002151,20151082
2002151,20151083
2002151,20151084
2002151,20151085
2002151,20151086
2002151,20151087
2002151,20151088
2002151,20151089
2002151,20151090
2002151,20151091
2002151,20151092
2002151,20151093
2002151,20151094
2002151,20151095
2002151,20151096
2002151,20151097
2002151,20151098
2002151,20151099
2002151,20151100
2002151,20151101
2003151,20151040
2003151,20151041
2003151,20151042
2003151,20151043
2003151,20151044
2003151,20151045
2003151,20151046
2003151,20151047
2003151,20151048
2003151,20151049
2003151,20151050
2003151,20151051
2003151,20151052
2003151,20151053
2003151,20151054
2003151,20151055
2003151,20151056
2003151,20151057
2003151,20151058
2003151,20151059
2003151,20151060
2003151,20151061
2003151,20151062
2003151,20151063
2003151,20151064
2003151,20151065
2003151,20151066
2003151,20151067
2003151,20151068
2003151,20151069
2003151,20151070
2003151,20151071
2003151,20151072
2003151,20151073
2003151,20151074
2003151,20151075
2003151,20151076
2003151,20151077
2003151,20151078
2003151,20151079
2003151,20151080
2003151,20151081
2003151,20151082
2003151,20151083
2003151,20151084
2003151,20151085
2003151,20151086
2003151,20151087
2003151,20151088
2003151,20151089
2003151,20151090
2003151,20151091
2003151,20151092
2003151,20151093
2003151,20151094
2003151,20151095
2003151,20151096
2003151,20151097
2003151,20151098
2003151,20151099
2003151,20151100
2003151,20151101
2004151,20151040
2004151,20151041
2004151,20151042
2004151,20151043
2004151,20151044
2004151,20151045
2004151,20151046
2004151,20151047
2004151,20151048
2004151,20151049
2004151,20151050
2004151,20151051
2004151,20151052
2004151,20151053
2004151,20151054
2004151,20151055
2004151,20151056
2004151,20151057
2004151,20151058
2004151,20151059
2004151,20151060
2004151,20151061
2004151,20151062
2004151,20151063
2004151,20151064
2004151,20151065
2004151,20151066
2004151,20151067
2004151,20151068
2004151,20151069
2004151,20151070
2004151,20151071
2004151,20151072
2004151,20151073
2004151,20151074
2004151,20151075
2004151,20151076
2004151,20151077
2004151,20151078
2004151,20151079
2004151,20151080
2004151,20151081
2004151,20151082
2004151,20151083
2004151,20151084
2004151,20151085
2004151,20151086
2004151,20151087
2004151,20151088
2004151,20151089
2004151,20151090
2004151,20151091
2004151,20151092
2004151,20151093
2004151,20151094
2004151,20151095
2004151,20151096
2004151,20151097
2004151,20151098
2004151,20151099
2004151,20151100
2004151,20151101
2005151,20151040
2005151,20151041
2005151,20151042
2005151,20151043
2005151,20151044
2005151,20151045
2005151,20151046
2005151,20151047
2005151,20151048
2005151,20151049
2005151,20151050
2005151,20151051
2005151,20151052
2005151,20151053
2005151,20151054
2005151,20151055
2005151,20151056
2005151,20151057
2005151,20151058
2005151,20151059
2005151,20151060
2005151,20151061
2005151,20151062
2005151,20151063
2005151,20151064
2005151,20151065
2005151,20151066
2005151,20151067
2005151,20151068
2005151,20151069
2005151,20151070
2005151,20151071
2005151,20151072
2005151,20151073
2005151,20151074
2005151,20151075
2005151,20151076
2005151,20151077
2005151,20151078
2005151,20151079
2005151,20151080
2005151,20151081
2005151,20151082
2005151,20151083
2005151,20151084
2005151,20151085
2005151,20151086
2005151,20151087
2005151,20151088
2005151,20151089
2005151,20151090
2005151,20151091
2005151,20151092
2005151,20151093
2005151,20151094
2005151,20151095
2005151,20151096
2005151,20151097
2005151,20151098
2005151,20151099
2005151,20151100
2005151,20151101
2006151,20151040
2006151,20151041
2006151,20151042
2006151,20151043
2006151,20151044
2006151,20151045
2006151,20151046
2006151,20151047
2006151,20151048
2006151,20151049
2006151,20151050
2006151,20151051
2006151,20151052
2006151,20151053
2006151,20151054
2006151,20151055
2006151,20151056
2006151,20151057
2006151,20151058
2006151,20151059
2006151,20151060
2006151,20151061
2006151,20151062
2006151,20151063
2006151,20151064
2006151,20151065
2006151,20151066
2006151,20151067
2006151,20151068
2006151,20151069
2006151,20151070
2006151,20151071
2006151,20151072
2006151,20151073
2006151,20151074
2006151,20151075
2006151,20151076
2006151,20151077
2006151,20151078
2006151,20151079
2006151,20151080
2006151,20151081
2006151,20151082
2006151,20151083
2006151,20151084
2006151,20151085
2006151,20151086
2006151,20151087
2006151,20151088
2006151,20151089
2006151,20151090
2006151,20151091
2006151,20151092
2006151,20151093
2006151,20151094
2006151,20151095
2006151,20151096
2006151,20151097
2006151,20151098
2006151,20151099
2006151,20151100
2006151,20151101
2007151,20151040
2007151,20151041
2007151,20151042
2007151,20151043
2007151,20151044
2007151,20151045
2007151,20151046
2007151,20151047
2007151,20151048
2007151,20151049
2007151,20151050
2007151,20151051
2007151,20151052
2007151,20151053
2007151,20151054
2007151,20151055
2007151,20151056
2007151,20151057
2007151,20151058
2007151,20151059
2007151,20151060
2007151,20151061
2007151,20151062
2007151,20151063
2007151,20151064
2007151,20151065
2007151,20151066
2007151,20151067
2007151,20151068
2007151,20151069
2007151,20151070
2007151,20151071
2007151,20151072
2007151,20151073
2007151,20151074
2007151,20151075
2007151,20151076
2007151,20151077
2007151,20151078
2007151,20151079
2007151,20151080
2007151,20151081
2007151,20151082
2007151,20151083
2007151,20151084
2007151,20151085
2007151,20151086
2007151,20151087
2007151,20151088
2007151,20151089
2007151,20151090
2007151,20151091
2007151,20151092
2007151,20151093
2007151,20151094
2007151,20151095
2007151,20151096
2007151,20151097
2007151,20151098
2007151,20151099
2007151,20151100
2007151,20151101
2008152,20151040
2008152,20151041
2008152,20151042
2008152,20151043
2008152,20151044
2008152,20151045
2008152,20151046
2008152,20151047
2008152,20151048
2008152,20151049
2008152,20151050
2008152,20151051
2008152,20151052
2008152,20151053
2008152,20151054
2008152,20151055
2008152,20151056
2008152,20151057
2008152,20151058
2008152,20151059
2008152,20151060
2008152,20151061
2008152,20151062
2008152,20151063
2008152,20151064
2008152,20151065
2008152,20151066
2008152,20151067
2008152,20151068
2008152,20151069
2008152,20151070
2008152,20151071
2008152,20151072
2008152,20151073
2008152,20151074
2008152,20151075
2008152,20151076
2008152,20151077
2008152,20151078
2008152,20151079
2008152,20151080
2008152,20151081
2008152,20151082
2008152,20151083
2008152,20151084
2008152,20151085
2008152,20151086
2008152,20151087
2008152,20151088
2008152,20151089
2008152,20151090
2008152,20151091
2008152,20151092
2008152,20151093
2008152,20151094
2008152,20151095
2008152,20151096
2008152,20151097
2008152,20151098
2008152,20151099
2008152,20151100
2008152,20151101
2009152,20151040
2009152,20151041
2009152,20151042
2009152,20151043
2009152,20151044
2009152,20151045
2009152,20151046
2009152,20151047
2009152,20151048
2009152,20151049
2009152,20151050
2009152,20151051
2009152,20151052
2009152,20151053
2009152,20151054
2009152,20151055
2009152,20151056
2009152,20151057
2009152,20151058
2009152,20151059
2009152,20151060
2009152,20151061
2009152,20151062
2009152,20151063
2009152,20151064
2009152,20151065
2009152,20151066
2009152,20151067
2009152,20151068
2009152,20151069
2009152,20151070
2009152,20151071
2009152,20151072
2009152,20151073
2009152,20151074
2009152,20151075
2009152,20151076
2009152,20151077
2009152,20151078
2009152,20151079
2009152,20151080
2009152,20151081
2009152,20151082
2009152,20151083
2009152,20151084
2009152,20151085
2009152,20151086
2009152,20151087
2009152,20151088
2009152,20151089
2009152,20151090
2009152,20151091
2009152,20151092
2009152,20151093
2009152,20151094
2009152,20151095
2009152,20151096
2009152,20151097
2009152,20151098
2009152,20151099
2009152,20151100
2009152,20151101
2010152,20151040
2010152,20151041
2010152,20151042
2010152,20151043
2010152,20151044
2010152,20151045
2010152,20151046
2010152,20151047
2010152,20151048
2010152,20151049
2010152,20151050
2010152,20151051
2010152,20151052
2010152,20151053
2010152,20151054
2010152,20151055
2010152,20151056
2010152,20151057
2010152,20151058
2010152,20151059
2010152,20151060
2010152,20151061
2010152,20151062
2010152,20151063
2010152,20151064
2010152,20151065
2010152,20151066
2010152,20151067
2010152,20151068
2010152,20151069
2010152,20151070
2010152,20151071
2010152,20151072
2010152,20151073
2010152,20151074
2010152,20151075
2010152,20151076
2010152,20151077
2010152,20151078
2010152,20151079
2010152,20151080
2010152,20151081
2010152,20151082
2010152,20151083
2010152,20151084
2010152,20151085
2010152,20151086
2010152,20151087
2010152,20151088
2010152,20151089
2010152,20151090
2010152,20151091
2010152,20151092
2010152,20151093
2010152,20151094
2010152,20151095
2010152,20151096
2010152,20151097
2010152,20151098
2010152,20151099
2010152,20151100
2010152,20151101
2011152,20151040
2011152,20151041
2011152,20151042
2011152,20151043
2011152,20151044
2011152,20151045
2011152,20151046
2011152,20151047
2011152,20151048
2011152,20151049
2011152,20151050
2011152,20151051
2011152,20151052
2011152,20151053
2011152,20151054
2011152,20151055
2011152,20151056
2011152,20151057
2011152,20151058
2011152,20151059
2011152,20151060
2011152,20151061
2011152,20151062
2011152,20151063
2011152,20151064
2011152,20151065
2011152,20151066
2011152,20151067
2011152,20151068
2011152,20151069
2011152,20151070
2011152,20151071
2011152,20151072
2011152,20151073
2011152,20151074
2011152,20151075
2011152,20151076
2011152,20151077
2011152,20151078
2011152,20151079
2011152,20151080
2011152,20151081
2011152,20151082
2011152,20151083
2011152,20151084
2011152,20151085
2011152,20151086
2011152,20151087
2011152,20151088
2011152,20151089
2011152,20151090
2011152,20151091
2011152,20151092
2011152,20151093
2011152,20151094
2011152,20151095
2011152,20151096
2011152,20151097
2011152,20151098
2011152,20151099
2011152,20151100
2011152,20151101
2012152,20151040
2012152,20151041
2012152,20151042
2012152,20151043
2012152,20151044
2012152,20151045
2012152,20151046
2012152,20151047
2012152,20151048
2012152,20151049
2012152,20151050
2012152,20151051
2012152,20151052
2012152,20151053
2012152,20151054
2012152,20151055
2012152,20151056
2012152,20151057
2012152,20151058
2012152,20151059
2012152,20151060
2012152,20151061
2012152,20151062
2012152,20151063
2012152,20151064
2012152,20151065
2012152,20151066
2012152,20151067
2012152,20151068
2012152,20151069
2012152,20151070
2012152,20151071
2012152,20151072
2012152,20151073
2012152,20151074
2012152,20151075
2012152,20151076
2012152,20151077
2012152,20151078
2012152,20151079
2012152,20151080
2012152,20151081
2012152,20151082
2012152,20151083
2012152,20151084
2012152,20151085
2012152,20151086
2012152,20151087
2012152,20151088
2012152,20151089
2012152,20151090
2012152,20151091
2012152,20151092
2012152,20151093
2012152,20151094
2012152,20151095
2012152,20151096
2012152,20151097
2012152,20151098
2012152,20151099
2012152,20151100
2012152,20151101
2013152,20151040
2013152,20151041
2013152,20151042
2013152,20151043
2013152,20151044
2013152,20151045
2013152,20151046
2013152,20151047
2013152,20151048
2013152,20151049
2013152,20151050
2013152,20151051
2013152,20151052
2013152,20151053
2013152,20151054
2013152,20151055
2013152,20151056
2013152,20151057
2013152,20151058
2013152,20151059
2013152,20151060
2013152,20151061
2013152,20151062
2013152,20151063
2013152,20151064
2013152,20151065
2013152,20151066
2013152,20151067
2013152,20151068
2013152,20151069
2013152,20151070
2013152,20151071
2013152,20151072
2013152,20151073
2013152,20151074
2013152,20151075
2013152,20151076
2013152,20151077
2013152,20151078
2013152,20151079
2013152,20151080
2013152,20151081
2013152,20151082
2013152,20151083
2013152,20151084
2013152,20151085
2013152,20151086
2013152,20151087
2013152,20151088
2013152,20151089
2013152,20151090
2013152,20151091
2013152,20151092
2013152,20151093
2013152,20151094
2013152,20151095
2013152,20151096
2013152,20151097
2013152,20151098
2013152,20151099
2013152,20151100
2013152,20151101
2014152,20151040
2014152,20151041
2014152,20151042
2014152,20151043
2014152,20151044
2014152,20151045
2014152,20151046
2014152,20151047
2014152,20151048
2014152,20151049
2014152,20151050
2014152,20151051
2014152,20151052
2014152,20151053
2014152,20151054
2014152,20151055
2014152,20151056
2014152,20151057
2014152,20151058
2014152,20151059
2014152,20151060
2014152,20151061
2014152,20151062
2014152,20151063
2014152,20151064
2014152,20151065
2014152,20151066
2014152,20151067
2014152,20151068
2014152,20151069
2014152,20151070
2014152,20151071
2014152,20151072
2014152,20151073
2014152,20151074
2014152,20151075
2014152,20151076
2014152,20151077
2014152,20151078
2014152,20151079
2014152,20151080
2014152,20151081
2014152,20151082
2014152,20151083
2014152,20151084
2014152,20151085
2014152,20151086
2014152,20151087
2014152,20151088
2014152,20151089
2014152,20151090
2014152,20151091
2014152,20151092
2014152,20151093
2014152,20151094
2014152,20151095
2014152,20151096
2014152,20151097
2014152,20151098
2014152,20151099
2014152,20151100
2014152,20151101
2029161,20141053
2029161,20141054
2029161,20141055
2029161,20141056
2029161,20141057
2029161,20141058
2029161,20141059
2029161,20141060
2029161,20141061
2029161,20141062
2029161,20141063
2029161,20141064
2029161,20141065
2029161,20141066
2029161,20141067
2029161,20141068
2029161,20141069
2029161,20141070
2029161,20141071
2029161,20141072
2029161,20141073
2029161,20141074
2029161,20141075
2029161,20141076
2029161,20141077
2029161,20141078
2029161,20141079
2029161,20141080
2029161,20141081
2029161,20141082
2029161,20141083
2029161,20141084
2029161,20141085
2029161,20141086
2029161,20141087
2029161,20141088
2029161,20141089
2029161,20141090
2029161,20141091
2029161,20141092
2029161,20141093
2029161,20141094
2029161,20141095
2029161,20141096
2029161,20141097
2029161,20141098
2030161,20141053
2030161,20141054
2030161,20141055
2030161,20141056
2030161,20141057
2030161,20141058
2030161,20141059
2030161,20141060
2030161,20141061
2030161,20141062
2030161,20141063
2030161,20141064
2030161,20141065
2030161,20141066
2030161,20141067
2030161,20141068
2030161,20141069
2030161,20141070
2030161,20141071
2030161,20141072
2030161,20141073
2030161,20141074
2030161,20141075
2030161,20141076
2030161,20141077
2030161,20141078
2030161,20141079
2030161,20141080
2030161,20141081
2030161,20141082
2030161,20141083
2030161,20141084
2030161,20141085
2030161,20141086
2030161,20141087
2030161,20141088
2030161,20141089
2030161,20141090
2030161,20141091
2030161,20141092
2030161,20141093
2030161,20141094
2030161,20141095
2030161,20141096
2030161,20141097
2030161,20141098
2031161,20141053
2031161,20141054
2031161,20141055
2031161,20141056
2031161,20141057
2031161,20141058
2031161,20141059
2031161,20141060
2031161,20141061
2031161,20141062
2031161,20141063
2031161,20141064
2031161,20141065
2031161,20141066
2031161,20141067
2031161,20141068
2031161,20141069
2031161,20141070
2031161,20141071
2031161,20141072
2031161,20141073
2031161,20141074
2031161,20141075
2031161,20141076
2031161,20141077
2031161,20141078
2031161,20141079
2031161,20141080
2031161,20141081
2031161,20141082
2031161,20141083
2031161,20141084
2031161,20141085
2031161,20141086
2031161,20141087
2031161,20141088
2031161,20141089
2031161,20141090
2031161,20141091
2031161,20141092
2031161,20141093
2031161,20141094
2031161,20141095
2031161,20141096
2031161,20141097
2031161,20141098
2032161,20141053
2032161,20141054
2032161,20141055
2032161,20141056
2032161,20141057
2032161,20141058
2032161,20141059
2032161,20141060
2032161,20141061
2032161,20141062
2032161,20141063
2032161,20141064
2032161,20141065
2032161,20141066
2032161,20141067
2032161,20141068
2032161,20141069
2032161,20141070
2032161,20141071
2032161,20141072
2032161,20141073
2032161,20141074
2032161,20141075
2032161,20141076
2032161,20141077
2032161,20141078
2032161,20141079
2032161,20141080
2032161,20141081
2032161,20141082
2032161,20141083
2032161,20141084
2032161,20141085
2032161,20141086
2032161,20141087
2032161,20141088
2032161,20141089
2032161,20141090
2032161,20141091
2032161,20141092
2032161,20141093
2032161,20141094
2032161,20141095
2032161,20141096
2032161,20141097
2032161,20141098
2033161,20141053
2033161,20141054
2033161,20141055
2033161,20141056
2033161,20141057
2033161,20141058
2033161,20141059
2033161,20141060
2033161,20141061
2033161,20141062
2033161,20141063
2033161,20141064
2033161,20141065
2033161,20141066
2033161,20141067
2033161,20141068
2033161,20141069
2033161,20141070
2033161,20141071
2033161,20141072
2033161,20141073
2033161,20141074
2033161,20141075
2033161,20141076
2033161,20141077
2033161,20141078
2033161,20141079
2033161,20141080
2033161,20141081
2033161,20141082
2033161,20141083
2033161,20141084
2033161,20141085
2033161,20141086
2033161,20141087
2033161,20141088
2033161,20141089
2033161,20141090
2033161,20141091
2033161,20141092
2033161,20141093
2033161,20141094
2033161,20141095
2033161,20141096
2033161,20141097
2033161,20141098
2034161,20141053
2034161,20141054
2034161,20141055
2034161,20141056
2034161,20141057
2034161,20141058
2034161,20141059
2034161,20141060
2034161,20141061
2034161,20141062
2034161,20141063
2034161,20141064
2034161,20141065
2034161,20141066
2034161,20141067
2034161,20141068
2034161,20141069
2034161,20141070
2034161,20141071
2034161,20141072
2034161,20141073
2034161,20141074
2034161,20141075
2034161,20141076
2034161,20141077
2034161,20141078
2034161,20141079
2034161,20141080
2034161,20141081
2034161,20141082
2034161,20141083
2034161,20141084
2034161,20141085
2034161,20141086
2034161,20141087
2034161,20141088
2034161,20141089
2034161,20141090
2034161,20141091
2034161,20141092
2034161,20141093
2034161,20141094
2034161,20141095
2034161,20141096
2034161,20141097
2034161,20141098
2035161,20141053
2035161,20141054
2035161,20141055
2035161,20141056
2035161,20141057
2035161,20141058
2035161,20141059
2035161,20141060
2035161,20141061
2035161,20141062
2035161,20141063
2035161,20141064
2035161,20141065
2035161,20141066
2035161,20141067
2035161,20141068
2035161,20141069
2035161,20141070
2035161,20141071
2035161,20141072
2035161,20141073
2035161,20141074
2035161,20141075
2035161,20141076
2035161,20141077
2035161,20141078
2035161,20141079
2035161,20141080
2035161,20141081
2035161,20141082
2035161,20141083
2035161,20141084
2035161,20141085
2035161,20141086
2035161,20141087
2035161,20141088
2035161,20141089
2035161,20141090
2035161,20141091
2035161,20141092
2035161,20141093
2035161,20141094
2035161,20141095
2035161,20141096
2035161,20141097
2035161,20141098
2036162,20141053
2036162,20141054
2036162,20141055
2036162,20141056
2036162,20141057
2036162,20141058
2036162,20141059
2036162,20141060
2036162,20141061
2036162,20141062
2036162,20141063
2036162,20141064
2036162,20141065
2036162,20141066
2036162,20141067
2036162,20141068
2036162,20141069
2036162,20141070
2036162,20141071
2036162,20141072
2036162,20141073
2036162,20141074
2036162,20141075
2036162,20141076
2036162,20141077
2036162,20141078
2036162,20141079
2036162,20141080
2036162,20141081
2036162,20141082
2036162,20141083
2036162,20141084
2036162,20141085
2036162,20141086
2036162,20141087
2036162,20141088
2036162,20141089
2036162,20141090
2036162,20141091
2036162,20141092
2036162,20141093
2036162,20141094
2036162,20141095
2036162,20141096
2036162,20141097
2036162,20141098
2037162,20141053
2037162,20141054
2037162,20141055
2037162,20141056
2037162,20141057
2037162,20141058
2037162,20141059
2037162,20141060
2037162,20141061
2037162,20141062
2037162,20141063
2037162,20141064
2037162,20141065
2037162,20141066
2037162,20141067
2037162,20141068
2037162,20141069
2037162,20141070
2037162,20141071
2037162,20141072
2037162,20141073
2037162,20141074
2037162,20141075
2037162,20141076
2037162,20141077
2037162,20141078
2037162,20141079
2037162,20141080
2037162,20141081
2037162,20141082
2037162,20141083
2037162,20141084
2037162,20141085
2037162,20141086
2037162,20141087
2037162,20141088
2037162,20141089
2037162,20141090
2037162,20141091
2037162,20141092
2037162,20141093
2037162,20141094
2037162,20141095
2037162,20141096
2037162,20141097
2037162,20141098
2038162,20141053
2038162,20141054
2038162,20141055
2038162,20141056
2038162,20141057
2038162,20141058
2038162,20141059
2038162,20141060
2038162,20141061
2038162,20141062
2038162,20141063
2038162,20141064
2038162,20141065
2038162,20141066
2038162,20141067
2038162,20141068
2038162,20141069
2038162,20141070
2038162,20141071
2038162,20141072
2038162,20141073
2038162,20141074
2038162,20141075
2038162,20141076
2038162,20141077
2038162,20141078
2038162,20141079
2038162,20141080
2038162,20141081
2038162,20141082
2038162,20141083
2038162,20141084
2038162,20141085
2038162,20141086
2038162,20141087
2038162,20141088
2038162,20141089
2038162,20141090
2038162,20141091
2038162,20141092
2038162,20141093
2038162,20141094
2038162,20141095
2038162,20141096
2038162,20141097
2038162,20141098
2039162,20141053
2039162,20141054
2039162,20141055
2039162,20141056
2039162,20141057
2039162,20141058
2039162,20141059
2039162,20141060
2039162,20141061
2039162,20141062
2039162,20141063
2039162,20141064
2039162,20141065
2039162,20141066
2039162,20141067
2039162,20141068
2039162,20141069
2039162,20141070
2039162,20141071
2039162,20141072
2039162,20141073
2039162,20141074
2039162,20141075
2039162,20141076
2039162,20141077
2039162,20141078
2039162,20141079
2039162,20141080
2039162,20141081
2039162,20141082
2039162,20141083
2039162,20141084
2039162,20141085
2039162,20141086
2039162,20141087
2039162,20141088
2039162,20141089
2039162,20141090
2039162,20141091
2039162,20141092
2039162,20141093
2039162,20141094
2039162,20141095
2039162,20141096
2039162,20141097
2039162,20141098
2040162,20141053
2040162,20141054
2040162,20141055
2040162,20141056
2040162,20141057
2040162,20141058
2040162,20141059
2040162,20141060
2040162,20141061
2040162,20141062
2040162,20141063
2040162,20141064
2040162,20141065
2040162,20141066
2040162,20141067
2040162,20141068
2040162,20141069
2040162,20141070
2040162,20141071
2040162,20141072
2040162,20141073
2040162,20141074
2040162,20141075
2040162,20141076
2040162,20141077
2040162,20141078
2040162,20141079
2040162,20141080
2040162,20141081
2040162,20141082
2040162,20141083
2040162,20141084
2040162,20141085
2040162,20141086
2040162,20141087
2040162,20141088
2040162,20141089
2040162,20141090
2040162,20141091
2040162,20141092
2040162,20141093
2040162,20141094
2040162,20141095
2040162,20141096
2040162,20141097
2040162,20141098
2041162,20141053
2041162,20141054
2041162,20141055
2041162,20141056
2041162,20141057
2041162,20141058
2041162,20141059
2041162,20141060
2041162,20141061
2041162,20141062
2041162,20141063
2041162,20141064
2041162,20141065
2041162,20141066
2041162,20141067
2041162,20141068
2041162,20141069
2041162,20141070
2041162,20141071
2041162,20141072
2041162,20141073
2041162,20141074
2041162,20141075
2041162,20141076
2041162,20141077
2041162,20141078
2041162,20141079
2041162,20141080
2041162,20141081
2041162,20141082
2041162,20141083
2041162,20141084
2041162,20141085
2041162,20141086
2041162,20141087
2041162,20141088
2041162,20141089
2041162,20141090
2041162,20141091
2041162,20141092
2041162,20141093
2041162,20141094
2041162,20141095
2041162,20141096
2041162,20141097
2041162,20141098
2042162,20141053
2042162,20141054
2042162,20141055
2042162,20141056
2042162,20141057
2042162,20141058
2042162,20141059
2042162,20141060
2042162,20141061
2042162,20141062
2042162,20141063
2042162,20141064
2042162,20141065
2042162,20141066
2042162,20141067
2042162,20141068
2042162,20141069
2042162,20141070
2042162,20141071
2042162,20141072
2042162,20141073
2042162,20141074
2042162,20141075
2042162,20141076
2042162,20141077
2042162,20141078
2042162,20141079
2042162,20141080
2042162,20141081
2042162,20141082
2042162,20141083
2042162,20141084
2042162,20141085
2042162,20141086
2042162,20141087
2042162,20141088
2042162,20141089
2042162,20141090
2042162,20141091
2042162,20141092
2042162,20141093
2042162,20141094
2042162,20141095
2042162,20141096
2042162,20141097
2042162,20141098
2015151,20151040
2015151,20151041
2015151,20151042
2015151,20151043
2015151,20151044
2015151,20151045
2015151,20151046
2015151,20151047
2015151,20151048
2015151,20151049
2015151,20151050
2015151,20151051
2015151,20151052
2015151,20151053
2015151,20151054
2015151,20151055
2015151,20151056
2015151,20151057
2015151,20151058
2015151,20151059
2015151,20151060
2015151,20151061
2015151,20151062
2015151,20151063
2015151,20151064
2015151,20151065
2015151,20151066
2015151,20151067
2015151,20151068
2015151,20151069
2015151,20151070
2015151,20151071
2015151,20151072
2015151,20151073
2015151,20151074
2015151,20151075
2015151,20151076
2015151,20151077
2015151,20151078
2015151,20151079
2015151,20151080
2015151,20151081
2015151,20151082
2015151,20151083
2015151,20151084
2015151,20151085
2015151,20151086
2015151,20151087
2015151,20151088
2015151,20151089
2015151,20151090
2015151,20151091
2015151,20151092
2015151,20151093
2015151,20151094
2015151,20151095
2015151,20151096
2015151,20151097
2015151,20151098
2015151,20151099
2015151,20151100
2015151,20151101
2016151,20151040
2016151,20151041
2016151,20151042
2016151,20151043
2016151,20151044
2016151,20151045
2016151,20151046
2016151,20151047
2016151,20151048
2016151,20151049
2016151,20151050
2016151,20151051
2016151,20151052
2016151,20151053
2016151,20151054
2016151,20151055
2016151,20151056
2016151,20151057
2016151,20151058
2016151,20151059
2016151,20151060
2016151,20151061
2016151,20151062
2016151,20151063
2016151,20151064
2016151,20151065
2016151,20151066
2016151,20151067
2016151,20151068
2016151,20151069
2016151,20151070
2016151,20151071
2016151,20151072
2016151,20151073
2016151,20151074
2016151,20151075
2016151,20151076
2016151,20151077
2016151,20151078
2016151,20151079
2016151,20151080
2016151,20151081
2016151,20151082
2016151,20151083
2016151,20151084
2016151,20151085
2016151,20151086
2016151,20151087
2016151,20151088
2016151,20151089
2016151,20151090
2016151,20151091
2016151,20151092
2016151,20151093
2016151,20151094
2016151,20151095
2016151,20151096
2016151,20151097
2016151,20151098
2016151,20151099
2016151,20151100
2016151,20151101
2017151,20151040
2017151,20151041
2017151,20151042
2017151,20151043
2017151,20151044
2017151,20151045
2017151,20151046
2017151,20151047
2017151,20151048
2017151,20151049
2017151,20151050
2017151,20151051
2017151,20151052
2017151,20151053
2017151,20151054
2017151,20151055
2017151,20151056
2017151,20151057
2017151,20151058
2017151,20151059
2017151,20151060
2017151,20151061
2017151,20151062
2017151,20151063
2017151,20151064
2017151,20151065
2017151,20151066
2017151,20151067
2017151,20151068
2017151,20151069
2017151,20151070
2017151,20151071
2017151,20151072
2017151,20151073
2017151,20151074
2017151,20151075
2017151,20151076
2017151,20151077
2017151,20151078
2017151,20151079
2017151,20151080
2017151,20151081
2017151,20151082
2017151,20151083
2017151,20151084
2017151,20151085
2017151,20151086
2017151,20151087
2017151,20151088
2017151,20151089
2017151,20151090
2017151,20151091
2017151,20151092
2017151,20151093
2017151,20151094
2017151,20151095
2017151,20151096
2017151,20151097
2017151,20151098
2017151,20151099
2017151,20151100
2017151,20151101
2018151,20151040
2018151,20151041
2018151,20151042
2018151,20151043
2018151,20151044
2018151,20151045
2018151,20151046
2018151,20151047
2018151,20151048
2018151,20151049
2018151,20151050
2018151,20151051
2018151,20151052
2018151,20151053
2018151,20151054
2018151,20151055
2018151,20151056
2018151,20151057
2018151,20151058
2018151,20151059
2018151,20151060
2018151,20151061
2018151,20151062
2018151,20151063
2018151,20151064
2018151,20151065
2018151,20151066
2018151,20151067
2018151,20151068
2018151,20151069
2018151,20151070
2018151,20151071
2018151,20151072
2018151,20151073
2018151,20151074
2018151,20151075
2018151,20151076
2018151,20151077
2018151,20151078
2018151,20151079
2018151,20151080
2018151,20151081
2018151,20151082
2018151,20151083
2018151,20151084
2018151,20151085
2018151,20151086
2018151,20151087
2018151,20151088
2018151,20151089
2018151,20151090
2018151,20151091
2018151,20151092
2018151,20151093
2018151,20151094
2018151,20151095
2018151,20151096
2018151,20151097
2018151,20151098
2018151,20151099
2018151,20151100
2018151,20151101
2019151,20151040
2019151,20151041
2019151,20151042
2019151,20151043
2019151,20151044
2019151,20151045
2019151,20151046
2019151,20151047
2019151,20151048
2019151,20151049
2019151,20151050
2019151,20151051
2019151,20151052
2019151,20151053
2019151,20151054
2019151,20151055
2019151,20151056
2019151,20151057
2019151,20151058
2019151,20151059
2019151,20151060
2019151,20151061
2019151,20151062
2019151,20151063
2019151,20151064
2019151,20151065
2019151,20151066
2019151,20151067
2019151,20151068
2019151,20151069
2019151,20151070
2019151,20151071
2019151,20151072
2019151,20151073
2019151,20151074
2019151,20151075
2019151,20151076
2019151,20151077
2019151,20151078
2019151,20151079
2019151,20151080
2019151,20151081
2019151,20151082
2019151,20151083
2019151,20151084
2019151,20151085
2019151,20151086
2019151,20151087
2019151,20151088
2019151,20151089
2019151,20151090
2019151,20151091
2019151,20151092
2019151,20151093
2019151,20151094
2019151,20151095
2019151,20151096
2019151,20151097
2019151,20151098
2019151,20151099
2019151,20151100
2019151,20151101
2020151,20151040
2020151,20151041
2020151,20151042
2020151,20151043
2020151,20151044
2020151,20151045
2020151,20151046
2020151,20151047
2020151,20151048
2020151,20151049
2020151,20151050
2020151,20151051
2020151,20151052
2020151,20151053
2020151,20151054
2020151,20151055
2020151,20151056
2020151,20151057
2020151,20151058
2020151,20151059
2020151,20151060
2020151,20151061
2020151,20151062
2020151,20151063
2020151,20151064
2020151,20151065
2020151,20151066
2020151,20151067
2020151,20151068
2020151,20151069
2020151,20151070
2020151,20151071
2020151,20151072
2020151,20151073
2020151,20151074
2020151,20151075
2020151,20151076
2020151,20151077
2020151,20151078
2020151,20151079
2020151,20151080
2020151,20151081
2020151,20151082
2020151,20151083
2020151,20151084
2020151,20151085
2020151,20151086
2020151,20151087
2020151,20151088
2020151,20151089
2020151,20151090
2020151,20151091
2020151,20151092
2020151,20151093
2020151,20151094
2020151,20151095
2020151,20151096
2020151,20151097
2020151,20151098
2020151,20151099
2020151,20151100
2020151,20151101
2021151,20151040
2021151,20151041
2021151,20151042
2021151,20151043
2021151,20151044
2021151,20151045
2021151,20151046
2021151,20151047
2021151,20151048
2021151,20151049
2021151,20151050
2021151,20151051
2021151,20151052
2021151,20151053
2021151,20151054
2021151,20151055
2021151,20151056
2021151,20151057
2021151,20151058
2021151,20151059
2021151,20151060
2021151,20151061
2021151,20151062
2021151,20151063
2021151,20151064
2021151,20151065
2021151,20151066
2021151,20151067
2021151,20151068
2021151,20151069
2021151,20151070
2021151,20151071
2021151,20151072
2021151,20151073
2021151,20151074
2021151,20151075
2021151,20151076
2021151,20151077
2021151,20151078
2021151,20151079
2021151,20151080
2021151,20151081
2021151,20151082
2021151,20151083
2021151,20151084
2021151,20151085
2021151,20151086
2021151,20151087
2021151,20151088
2021151,20151089
2021151,20151090
2021151,20151091
2021151,20151092
2021151,20151093
2021151,20151094
2021151,20151095
2021151,20151096
2021151,20151097
2021151,20151098
2021151,20151099
2021151,20151100
2021151,20151101
2022152,20151040
2022152,20151041
2022152,20151042
2022152,20151043
2022152,20151044
2022152,20151045
2022152,20151046
2022152,20151047
2022152,20151048
2022152,20151049
2022152,20151050
2022152,20151051
2022152,20151052
2022152,20151053
2022152,20151054
2022152,20151055
2022152,20151056
2022152,20151057
2022152,20151058
2022152,20151059
2022152,20151060
2022152,20151061
2022152,20151062
2022152,20151063
2022152,20151064
2022152,20151065
2022152,20151066
2022152,20151067
2022152,20151068
2022152,20151069
2022152,20151070
2022152,20151071
2022152,20151072
2022152,20151073
2022152,20151074
2022152,20151075
2022152,20151076
2022152,20151077
2022152,20151078
2022152,20151079
2022152,20151080
2022152,20151081
2022152,20151082
2022152,20151083
2022152,20151084
2022152,20151085
2022152,20151086
2022152,20151087
2022152,20151088
2022152,20151089
2022152,20151090
2022152,20151091
2022152,20151092
2022152,20151093
2022152,20151094
2022152,20151095
2022152,20151096
2022152,20151097
2022152,20151098
2022152,20151099
2022152,20151100
2022152,20151101
2023152,20151040
2023152,20151041
2023152,20151042
2023152,20151043
2023152,20151044
2023152,20151045
2023152,20151046
2023152,20151047
2023152,20151048
2023152,20151049
2023152,20151050
2023152,20151051
2023152,20151052
2023152,20151053
2023152,20151054
2023152,20151055
2023152,20151056
2023152,20151057
2023152,20151058
2023152,20151059
2023152,20151060
2023152,20151061
2023152,20151062
2023152,20151063
2023152,20151064
2023152,20151065
2023152,20151066
2023152,20151067
2023152,20151068
2023152,20151069
2023152,20151070
2023152,20151071
2023152,20151072
2023152,20151073
2023152,20151074
2023152,20151075
2023152,20151076
2023152,20151077
2023152,20151078
2023152,20151079
2023152,20151080
2023152,20151081
2023152,20151082
2023152,20151083
2023152,20151084
2023152,20151085
2023152,20151086
2023152,20151087
2023152,20151088
2023152,20151089
2023152,20151090
2023152,20151091
2023152,20151092
2023152,20151093
2023152,20151094
2023152,20151095
2023152,20151096
2023152,20151097
2023152,20151098
2023152,20151099
2023152,20151100
2023152,20151101
2024152,20151040
2024152,20151041
2024152,20151042
2024152,20151043
2024152,20151044
2024152,20151045
2024152,20151046
2024152,20151047
2024152,20151048
2024152,20151049
2024152,20151050
2024152,20151051
2024152,20151052
2024152,20151053
2024152,20151054
2024152,20151055
2024152,20151056
2024152,20151057
2024152,20151058
2024152,20151059
2024152,20151060
2024152,20151061
2024152,20151062
2024152,20151063
2024152,20151064
2024152,20151065
2024152,20151066
2024152,20151067
2024152,20151068
2024152,20151069
2024152,20151070
2024152,20151071
2024152,20151072
2024152,20151073
2024152,20151074
2024152,20151075
2024152,20151076
2024152,20151077
2024152,20151078
2024152,20151079
2024152,20151080
2024152,20151081
2024152,20151082
2024152,20151083
2024152,20151084
2024152,20151085
2024152,20151086
2024152,20151087
2024152,20151088
2024152,20151089
2024152,20151090
2024152,20151091
2024152,20151092
2024152,20151093
2024152,20151094
2024152,20151095
2024152,20151096
2024152,20151097
2024152,20151098
2024152,20151099
2024152,20151100
2024152,20151101
2025152,20151040
2025152,20151041
2025152,20151042
2025152,20151043
2025152,20151044
2025152,20151045
2025152,20151046
2025152,20151047
2025152,20151048
2025152,20151049
2025152,20151050
2025152,20151051
2025152,20151052
2025152,20151053
2025152,20151054
2025152,20151055
2025152,20151056
2025152,20151057
2025152,20151058
2025152,20151059
2025152,20151060
2025152,20151061
2025152,20151062
2025152,20151063
2025152,20151064
2025152,20151065
2025152,20151066
2025152,20151067
2025152,20151068
2025152,20151069
2025152,20151070
2025152,20151071
2025152,20151072
2025152,20151073
2025152,20151074
2025152,20151075
2025152,20151076
2025152,20151077
2025152,20151078
2025152,20151079
2025152,20151080
2025152,20151081
2025152,20151082
2025152,20151083
2025152,20151084
2025152,20151085
2025152,20151086
2025152,20151087
2025152,20151088
2025152,20151089
2025152,20151090
2025152,20151091
2025152,20151092
2025152,20151093
2025152,20151094
2025152,20151095
2025152,20151096
2025152,20151097
2025152,20151098
2025152,20151099
2025152,20151100
2025152,20151101
2026152,20151040
2026152,20151041
2026152,20151042
2026152,20151043
2026152,20151044
2026152,20151045
2026152,20151046
2026152,20151047
2026152,20151048
2026152,20151049
2026152,20151050
2026152,20151051
2026152,20151052
2026152,20151053
2026152,20151054
2026152,20151055
2026152,20151056
2026152,20151057
2026152,20151058
2026152,20151059
2026152,20151060
2026152,20151061
2026152,20151062
2026152,20151063
2026152,20151064
2026152,20151065
2026152,20151066
2026152,20151067
2026152,20151068
2026152,20151069
2026152,20151070
2026152,20151071
2026152,20151072
2026152,20151073
2026152,20151074
2026152,20151075
2026152,20151076
2026152,20151077
2026152,20151078
2026152,20151079
2026152,20151080
2026152,20151081
2026152,20151082
2026152,20151083
2026152,20151084
2026152,20151085
2026152,20151086
2026152,20151087
2026152,20151088
2026152,20151089
2026152,20151090
2026152,20151091
2026152,20151092
2026152,20151093
2026152,20151094
2026152,20151095
2026152,20151096
2026152,20151097
2026152,20151098
2026152,20151099
2026152,20151100
2026152,20151101
2027152,20151040
2027152,20151041
2027152,20151042
2027152,20151043
2027152,20151044
2027152,20151045
2027152,20151046
2027152,20151047
2027152,20151048
2027152,20151049
2027152,20151050
2027152,20151051
2027152,20151052
2027152,20151053
2027152,20151054
2027152,20151055
2027152,20151056
2027152,20151057
2027152,20151058
2027152,20151059
2027152,20151060
2027152,20151061
2027152,20151062
2027152,20151063
2027152,20151064
2027152,20151065
2027152,20151066
2027152,20151067
2027152,20151068
2027152,20151069
2027152,20151070
2027152,20151071
2027152,20151072
2027152,20151073
2027152,20151074
2027152,20151075
2027152,20151076
2027152,20151077
2027152,20151078
2027152,20151079
2027152,20151080
2027152,20151081
2027152,20151082
2027152,20151083
2027152,20151084
2027152,20151085
2027152,20151086
2027152,20151087
2027152,20151088
2027152,20151089
2027152,20151090
2027152,20151091
2027152,20151092
2027152,20151093
2027152,20151094
2027152,20151095
2027152,20151096
2027152,20151097
2027152,20151098
2027152,20151099
2027152,20151100
2027152,20151101
2028152,20151040
2028152,20151041
2028152,20151042
2028152,20151043
2028152,20151044
2028152,20151045
2028152,20151046
2028152,20151047
2028152,20151048
2028152,20151049
2028152,20151050
2028152,20151051
2028152,20151052
2028152,20151053
2028152,20151054
2028152,20151055
2028152,20151056
2028152,20151057
2028152,20151058
2028152,20151059
2028152,20151060
2028152,20151061
2028152,20151062
2028152,20151063
2028152,20151064
2028152,20151065
2028152,20151066
2028152,20151067
2028152,20151068
2028152,20151069
2028152,20151070
2028152,20151071
2028152,20151072
2028152,20151073
2028152,20151074
2028152,20151075
2028152,20151076
2028152,20151077
2028152,20151078
2028152,20151079
2028152,20151080
2028152,20151081
2028152,20151082
2028152,20151083
2028152,20151084
2028152,20151085
2028152,20151086
2028152,20151087
2028152,20151088
2028152,20151089
2028152,20151090
2028152,20151091
2028152,20151092
2028152,20151093
2028152,20151094
2028152,20151095
2028152,20151096
2028152,20151097
2028152,20151098
2028152,20151099
2028152,20151100
2028152,20151101
2001151,20161018
2001151,20161019
2001151,20161020
2001151,20161021
2001151,20161022
2001151,20161023
2001151,20161024
2001151,20161025
2001151,20161026
2001151,20161027
2001151,20161028
2001151,20161029
2001151,20161030
2001151,20161031
2001151,20161032
2001151,20161033
2001151,20161034
2001151,20161035
2001151,20161036
2001151,20161037
2001151,20161038
2001151,20161039
2001151,20161040
2002151,20161018
2002151,20161019
2002151,20161020
2002151,20161021
2002151,20161022
2002151,20161023
2002151,20161024
2002151,20161025
2002151,20161026
2002151,20161027
2002151,20161028
2002151,20161029
2002151,20161030
2002151,20161031
2002151,20161032
2002151,20161033
2002151,20161034
2002151,20161035
2002151,20161036
2002151,20161037
2002151,20161038
2002151,20161039
2002151,20161040
2003151,20161018
2003151,20161019
2003151,20161020
2003151,20161021
2003151,20161022
2003151,20161023
2003151,20161024
2003151,20161025
2003151,20161026
2003151,20161027
2003151,20161028
2003151,20161029
2003151,20161030
2003151,20161031
2003151,20161032
2003151,20161033
2003151,20161034
2003151,20161035
2003151,20161036
2003151,20161037
2003151,20161038
2003151,20161039
2003151,20161040
2004151,20161018
2004151,20161019
2004151,20161020
2004151,20161021
2004151,20161022
2004151,20161023
2004151,20161024
2004151,20161025
2004151,20161026
2004151,20161027
2004151,20161028
2004151,20161029
2004151,20161030
2004151,20161031
2004151,20161032
2004151,20161033
2004151,20161034
2004151,20161035
2004151,20161036
2004151,20161037
2004151,20161038
2004151,20161039
2004151,20161040
2005151,20161018
2005151,20161019
2005151,20161020
2005151,20161021
2005151,20161022
2005151,20161023
2005151,20161024
2005151,20161025
2005151,20161026
2005151,20161027
2005151,20161028
2005151,20161029
2005151,20161030
2005151,20161031
2005151,20161032
2005151,20161033
2005151,20161034
2005151,20161035
2005151,20161036
2005151,20161037
2005151,20161038
2005151,20161039
2005151,20161040
2006151,20161018
2006151,20161019
2006151,20161020
2006151,20161021
2006151,20161022
2006151,20161023
2006151,20161024
2006151,20161025
2006151,20161026
2006151,20161027
2006151,20161028
2006151,20161029
2006151,20161030
2006151,20161031
2006151,20161032
2006151,20161033
2006151,20161034
2006151,20161035
2006151,20161036
2006151,20161037
2006151,20161038
2006151,20161039
2006151,20161040
2007151,20161018
2007151,20161019
2007151,20161020
2007151,20161021
2007151,20161022
2007151,20161023
2007151,20161024
2007151,20161025
2007151,20161026
2007151,20161027
2007151,20161028
2007151,20161029
2007151,20161030
2007151,20161031
2007151,20161032
2007151,20161033
2007151,20161034
2007151,20161035
2007151,20161036
2007151,20161037
2007151,20161038
2007151,20161039
2007151,20161040
2008152,20161018
2008152,20161019
2008152,20161020
2008152,20161021
2008152,20161022
2008152,20161023
2008152,20161024
2008152,20161025
2008152,20161026
2008152,20161027
2008152,20161028
2008152,20161029
2008152,20161030
2008152,20161031
2008152,20161032
2008152,20161033
2008152,20161034
2008152,20161035
2008152,20161036
2008152,20161037
2008152,20161038
2008152,20161039
2008152,20161040
2009152,20161018
2009152,20161019
2009152,20161020
2009152,20161021
2009152,20161022
2009152,20161023
2009152,20161024
2009152,20161025
2009152,20161026
2009152,20161027
2009152,20161028
2009152,20161029
2009152,20161030
2009152,20161031
2009152,20161032
2009152,20161033
2009152,20161034
2009152,20161035
2009152,20161036
2009152,20161037
2009152,20161038
2009152,20161039
2009152,20161040
2010152,20161018
2010152,20161019
2010152,20161020
2010152,20161021
2010152,20161022
2010152,20161023
2010152,20161024
2010152,20161025
2010152,20161026
2010152,20161027
2010152,20161028
2010152,20161029
2010152,20161030
2010152,20161031
2010152,20161032
2010152,20161033
2010152,20161034
2010152,20161035
2010152,20161036
2010152,20161037
2010152,20161038
2010152,20161039
2010152,20161040
2011152,20161018
2011152,20161019
2011152,20161020
2011152,20161021
2011152,20161022
2011152,20161023
2011152,20161024
2011152,20161025
2011152,20161026
2011152,20161027
2011152,20161028
2011152,20161029
2011152,20161030
2011152,20161031
2011152,20161032
2011152,20161033
2011152,20161034
2011152,20161035
2011152,20161036
2011152,20161037
2011152,20161038
2011152,20161039
2011152,20161040
2012152,20161018
2012152,20161019
2012152,20161020
2012152,20161021
2012152,20161022
2012152,20161023
2012152,20161024
2012152,20161025
2012152,20161026
2012152,20161027
2012152,20161028
2012152,20161029
2012152,20161030
2012152,20161031
2012152,20161032
2012152,20161033
2012152,20161034
2012152,20161035
2012152,20161036
2012152,20161037
2012152,20161038
2012152,20161039
2012152,20161040
2013152,20161018
2013152,20161019
2013152,20161020
2013152,20161021
2013152,20161022
2013152,20161023
2013152,20161024
2013152,20161025
2013152,20161026
2013152,20161027
2013152,20161028
2013152,20161029
2013152,20161030
2013152,20161031
2013152,20161032
2013152,20161033
2013152,20161034
2013152,20161035
2013152,20161036
2013152,20161037
2013152,20161038
2013152,20161039
2013152,20161040
2014152,20161018
2014152,20161019
2014152,20161020
2014152,20161021
2014152,20161022
2014152,20161023
2014152,20161024
2014152,20161025
2014152,20161026
2014152,20161027
2014152,20161028
2014152,20161029
2014152,20161030
2014152,20161031
2014152,20161032
2014152,20161033
2014152,20161034
2014152,20161035
2014152,20161036
2014152,20161037
2014152,20161038
2014152,20161039
2014152,20161040
2001151,20161076
2001151,20161077
2001151,20161078
2001151,20161079
2001151,20161080
2001151,20161081
2001151,20161082
2001151,20161083
2001151,20161084
2001151,20161085
2001151,20161086
2001151,20161087
2001151,20161088
2001151,20161089
2001151,20161090
2001151,20161091
2001151,20161092
2001151,20161093
2001151,20161094
2001151,20161095
2001151,20161096
2001151,20161097
2002151,20161076
2002151,20161077
2002151,20161078
2002151,20161079
2002151,20161080
2002151,20161081
2002151,20161082
2002151,20161083
2002151,20161084
2002151,20161085
2002151,20161086
2002151,20161087
2002151,20161088
2002151,20161089
2002151,20161090
2002151,20161091
2002151,20161092
2002151,20161093
2002151,20161094
2002151,20161095
2002151,20161096
2002151,20161097
2003151,20161076
2003151,20161077
2003151,20161078
2003151,20161079
2003151,20161080
2003151,20161081
2003151,20161082
2003151,20161083
2003151,20161084
2003151,20161085
2003151,20161086
2003151,20161087
2003151,20161088
2003151,20161089
2003151,20161090
2003151,20161091
2003151,20161092
2003151,20161093
2003151,20161094
2003151,20161095
2003151,20161096
2003151,20161097
2004151,20161076
2004151,20161077
2004151,20161078
2004151,20161079
2004151,20161080
2004151,20161081
2004151,20161082
2004151,20161083
2004151,20161084
2004151,20161085
2004151,20161086
2004151,20161087
2004151,20161088
2004151,20161089
2004151,20161090
2004151,20161091
2004151,20161092
2004151,20161093
2004151,20161094
2004151,20161095
2004151,20161096
2004151,20161097
2005151,20161076
2005151,20161077
2005151,20161078
2005151,20161079
2005151,20161080
2005151,20161081
2005151,20161082
2005151,20161083
2005151,20161084
2005151,20161085
2005151,20161086
2005151,20161087
2005151,20161088
2005151,20161089
2005151,20161090
2005151,20161091
2005151,20161092
2005151,20161093
2005151,20161094
2005151,20161095
2005151,20161096
2005151,20161097
2006151,20161076
2006151,20161077
2006151,20161078
2006151,20161079
2006151,20161080
2006151,20161081
2006151,20161082
2006151,20161083
2006151,20161084
2006151,20161085
2006151,20161086
2006151,20161087
2006151,20161088
2006151,20161089
2006151,20161090
2006151,20161091
2006151,20161092
2006151,20161093
2006151,20161094
2006151,20161095
2006151,20161096
2006151,20161097
2007151,20161076
2007151,20161077
2007151,20161078
2007151,20161079
2007151,20161080
2007151,20161081
2007151,20161082
2007151,20161083
2007151,20161084
2007151,20161085
2007151,20161086
2007151,20161087
2007151,20161088
2007151,20161089
2007151,20161090
2007151,20161091
2007151,20161092
2007151,20161093
2007151,20161094
2007151,20161095
2007151,20161096
2007151,20161097
2008152,20161076
2008152,20161077
2008152,20161078
2008152,20161079
2008152,20161080
2008152,20161081
2008152,20161082
2008152,20161083
2008152,20161084
2008152,20161085
2008152,20161086
2008152,20161087
2008152,20161088
2008152,20161089
2008152,20161090
2008152,20161091
2008152,20161092
2008152,20161093
2008152,20161094
2008152,20161095
2008152,20161096
2008152,20161097
2009152,20161076
2009152,20161077
2009152,20161078
2009152,20161079
2009152,20161080
2009152,20161081
2009152,20161082
2009152,20161083
2009152,20161084
2009152,20161085
2009152,20161086
2009152,20161087
2009152,20161088
2009152,20161089
2009152,20161090
2009152,20161091
2009152,20161092
2009152,20161093
2009152,20161094
2009152,20161095
2009152,20161096
2009152,20161097
2010152,20161076
2010152,20161077
2010152,20161078
2010152,20161079
2010152,20161080
2010152,20161081
2010152,20161082
2010152,20161083
2010152,20161084
2010152,20161085
2010152,20161086
2010152,20161087
2010152,20161088
2010152,20161089
2010152,20161090
2010152,20161091
2010152,20161092
2010152,20161093
2010152,20161094
2010152,20161095
2010152,20161096
2010152,20161097
2011152,20161076
2011152,20161077
2011152,20161078
2011152,20161079
2011152,20161080
2011152,20161081
2011152,20161082
2011152,20161083
2011152,20161084
2011152,20161085
2011152,20161086
2011152,20161087
2011152,20161088
2011152,20161089
2011152,20161090
2011152,20161091
2011152,20161092
2011152,20161093
2011152,20161094
2011152,20161095
2011152,20161096
2011152,20161097
2012152,20161076
2012152,20161077
2012152,20161078
2012152,20161079
2012152,20161080
2012152,20161081
2012152,20161082
2012152,20161083
2012152,20161084
2012152,20161085
2012152,20161086
2012152,20161087
2012152,20161088
2012152,20161089
2012152,20161090
2012152,20161091
2012152,20161092
2012152,20161093
2012152,20161094
2012152,20161095
2012152,20161096
2012152,20161097
2013152,20161076
2013152,20161077
2013152,20161078
2013152,20161079
2013152,20161080
2013152,20161081
2013152,20161082
2013152,20161083
2013152,20161084
2013152,20161085
2013152,20161086
2013152,20161087
2013152,20161088
2013152,20161089
2013152,20161090
2013152,20161091
2013152,20161092
2013152,20161093
2013152,20161094
2013152,20161095
2013152,20161096
2013152,20161097
2014152,20161076
2014152,20161077
2014152,20161078
2014152,20161079
2014152,20161080
2014152,20161081
2014152,20161082
2014152,20161083
2014152,20161084
2014152,20161085
2014152,20161086
2014152,20161087
2014152,20161088
2014152,20161089
2014152,20161090
2014152,20161091
2014152,20161092
2014152,20161093
2014152,20161094
2014152,20161095
2014152,20161096
2014152,20161097
