4552014002,Benjamin Mason,0,5517115276,152761000000000,18/05/1997,3 Oneill Point,bmason1@alibaba.com,455171152,85517115276,Benjamin,Jennifer,62
4552014001,Alif Bhaskoro,1,1740948824,174095000000000,16/01/1997,Saritem no. 57,abhaskoro@gmail.com,174094882,81740948824,Timothy,Diane,62
4552014003,Michael Young,0,1423221685,761893000000000,27/02/1997,45501 Pankratz Alley,myoung2@state.gov,761423221,81423221685,Michael,Tammy,62
4552014004,Earl Sullivan,0,7618927954,411387000000000,28/09/1997,17210 Farwell Street,esullivan3@gravatar.com,685761892,87618927954,Earl,Ruby,62
4552014005,Edward Smith,1,3123341138,650286000000000,07/02/1997,59 Heath Point,esmith4@simplemachines.org,795431233,83123341138,Edward,Carol,62
4552014006,Joseph Sims,1,7427793198,61389300000000,03/03/1998,75393 Grasskamp Road,jsims5@shop0pro.jp,411387427,87427793198,Joseph,Deborah,62
4552014007,Jesse Ferguson,0,6502860248,496379000000000,10/10/1998,PasirKaliki no. 11,jferguson6@over0blog.com,793198650,86502860248,Jesse,Stephanie,62
4552014008,John Richardson,0,6509006138,76361500000000,11/05/1998,9 Forster Parkway,jrichardson7@stanford.edu,286024865,86509006138,John,Norma,62
4552014009,Ernest Ramirez,0,9344606618,601658000000000,01/07/1997,7464 Tony Hill,eramirez8@eepurl.com,90061389,89344606618,Ernest,Christine,62
4552014010,Richard Burton,0,4963788291,71777700000000,14/04/1997,46 Doe Crossing Trail,rburton9@is.gd,344606618,84963788291,Richard,Julie,62
4552014011,Patrick Reyes,0,3598407636,266038000000000,15/12/1996,7236 Chive Road,preyesa@businessinsider.com,496378829,83598407636,Patrick,Irene,62
4552014012,Billy Ferguson,0,1542097372,351202000000000,31/07/1997,508 Sutteridge Plaza,bfergusonb@soup.io,135984076,81542097372,Billy,Wanda,62
4552014013,Scott Jones,0,6016575412,143988000000000,27/10/1996,110 Arrowood Place,sjonesc@go.com,361542097,86016575412,Scott,Phyllis,62
4552014014,Terry Gordon,1,1460717722,107350000000000,13/12/1996,89 Blaine Trail,tgordond@livejournal.com,372601657,80014607177,Terry,Wanda,62
4552014015,Eugene Bradley,1,7733599818,484993000000000,09/09/1997,9596 Bartillon Parkway,ebradleye@ucla.edu,541200146,87733599818,Eugene,Gloria,62
4552014016,Ralph Perkins,1,2660380125,88068200000000,27/08/1997,345 1st Crossing,rperkinsf@boston.com,71777733,82660380125,Ralph,Joyce,62
4552014017,John Mendoza,1,9478335120,890782000000000,21/02/1998,58 Glendale Circle,jmendozag@shop0pro.jp,599818266,80947835120,John,Stephanie,62
4552014018,Gary Kennedy,0,1640618984,626539000000000,13/10/1997,4537 Victoria Street,gkennedyh@army.mil,38012509,81640618984,Gary,Dorothy,62
4552014019,Nicholas Brown,0,1439880877,762952000000000,12/05/1998,1465 Leroy Center,nbrowni@fastcompany.com,478351201,81439880877,Nicholas,Amy,62
4552014020,Timothy Black,0,8383710734,325259000000000,08/01/1998,7 Spohn Drive,tblackj@wunderground.com,640618984,88383710734,Timothy,Diane,62
4552014021,Anthony Perez,1,9651099683,698255000000000,01/08/1997,88084 Lake View Plaza,aperezk@nytimes.com,143988087,89651099683,Anthony,Amanda,62
4552014022,Juan Gonzalez,0,4849925533,396800000000000,06/10/1998,4312 Esch Parkway,jgonzalezl@qq.com,783837107,84849925533,Juan,Julie,62
4552014023,Alan Hughes,0,3743808806,825442000000000,21/02/1998,16 Manufacturers Drive,ahughesm@reuters.com,349651099,83743808806,Alan,Martha,62
4552014024,Gary Moreno,1,8198972282,825362000000000,28/10/1997,88877 Butterfield Point,gmorenon@aboutads.info,683484992,88198972282,Gary,Kathy,62
4552014025,Nicholas Ford,1,8907815861,503649000000000,14/11/1997,7 Redwing Alley,nfordo@gravatar.com,553337438,88907815861,Nicholas,Donna,62
4552014026,Paul Baker,1,2425862653,342888000000000,06/05/1997,059 Coolidge Road,pbakerp@census.gov,88068198,82425862653,Paul,Kelly,62
4552014027,Todd Mitchell,0,9246182119,442931000000000,10/09/1998,94740 Gateway Hill,tmitchellq@github.com,972282890,89246182119,Todd,Debra,62
4552014028,Dennis White,1,7629520039,520373000000000,20/04/1998,57749 Melby Street,dwhiter@alibaba.com,781586124,87629520039,Dennis,Marie,62
4552014029,Joshua George,0,1819532525,325351000000000,14/08/1998,987 Bultman Hill,jgeorges@imdb.com,258626539,81819532525,Joshua,Lisa,62
4552014030,Todd Jones,0,8677229419,400531000000000,16/06/1998,603 Buena Vista Parkway,tjonest@blogs.com,246182119,88677229419,Todd,Karen,62
4552014031,Jason Austin,1,6982554912,956482000000000,04/01/1997,1 Transport Lane,jaustinu@wsj.com,762952003,86982554912,Jason,Ruth,62
4552014032,Randy Robertson,0,5083939679,207061000000000,09/03/1998,813 2nd Plaza,rrobertsonv@goo.gl,918195325,85083939679,Randy,Carol,62
4552014033,Todd Martin,0,9769357665,265775000000000,27/03/1998,541 Huxley Trail,tmartinw@baidu.com,258677229,89769357665,Todd,Sandra,62
4552014034,Ralph Cooper,1,8254416163,671554000000000,14/03/1997,6479 Oak Valley Way,rcooperx@europa.eu,419698255,88254416163,Ralph,Jacqueline,62
4552014035,Jason Ramirez,1,3553282536,300483000000000,08/03/1998,85 Kingsford Park,jramirezy@theguardian.com,491250839,83553282536,Jason,Angela,62
4552014036,Shawn Lewis,0,1862146291,770893000000000,17/04/1997,317 Maple Wood Parkway,slewisz@privacy.gov.au,396799769,81862146291,Shawn,Doris,62
4552014037,Joseph Rogers,1,5036492934,83450100000000,13/01/1997,2177 Springview Park,jrogers10@pen.io,357665825,85036492934,Joseph,Deborah,62
4552014038,Adam Diaz,0,4059634288,667677000000000,14/03/1997,2645 Old Gate Junction,adiaz11@wufoo.com,441616335,84059634288,Adam,Nancy,62
4552014039,Ronald Wells,1,7581257444,513996000000000,21/04/1998,86 Lyons Road,rwells12@baidu.com,532825361,87581257444,Ronald,Lillian,62
4552014040,Jimmy Stewart,1,4429307787,279237000000000,12/05/1997,0056 Sunfield Lane,jstewart13@fastcompany.com,862146291,84429307787,Jimmy,Katherine,62
4552014041,Phillip Johnson,0,3038252037,411595000000000,17/05/1998,47483 Erie Plaza,pjohnson14@cnet.com,503649293,83038252037,Phillip,Jennifer,62
4552014042,Douglas Greene,1,2975343211,134746000000000,30/12/1996,6840 Monument Alley,dgreene15@jiathis.com,440596342,82975343211,Douglas,Joan,62
4552014043,Roy Nguyen,0,3253512226,552217000000000,28/11/1997,2347 Reindahl Court,rnguyen16@dion.ne.jp,887581257,83253512226,Roy,Lori,62
4552014044,Eric Kelley,1,4070340053,280723000000000,04/05/1998,98532 Buell Avenue,ekelley17@google.co.uk,444442930,84070340053,Eric,Jean,62
4552014045,Charles Lane,0,1067500454,53410500000000,11/12/1996,5545 Sugar Terrace,clane18@unc.edu,778730382,81067500454,Charles,Sara,62
4552014046,Donald Carpenter,0,9564821683,958280000000000,30/12/1996,12767 Bay Plaza,dcarpenter19@webnode.com,520372975,89564821683,Donald,Louise,62
4552014047,Justin Elliott,0,1484920706,175332000000000,13/09/1997,96 Arrowood Circle,jelliott1a@chron.com,343211325,81484920706,Justin,Susan,62
4552014048,Clarence Mills,0,7056738492,680774000000000,10/03/1997,48497 Cascade Lane,cmills1b@nasa.gov,351222640,80705673849,Clarence,Martha,62
4552014049,Charles Flores,1,2657745798,429315000000000,17/10/1998,55 Amoth Park,cflores1c@gnu.org,703400531,82657745798,Charles,Tammy,62
4552014050,Philip Harrison,0,3022367155,748144000000000,04/10/1998,1 Brown Parkway,pharrison1d@un.org,67500454,83022367155,Philip,Cynthia,62
4552014051,Roger Reid,0,4026061117,945059000000000,19/04/1997,5 Sunnyside Lane,rreid1e@t.co,956482168,84026061117,Roger,Sarah,62
4552014052,Joshua Rice,1,3004830129,313371000000000,02/12/1996,5 Hermina Drive,jrice1f@naver.com,314849207,83004830129,Joshua,Jane,62
4552014053,Jeremy Marshall,0,3885770894,939183000000000,15/03/1997,14799 Katie Hill,jmarshall1g@uiuc.edu,60705673,80388577089,Jeremy,Karen,62
4552014054,Philip Wallace,1,3074783710,300876000000000,08/05/1998,3467 Scofield Park,pwallace1h@chicagotribune.com,849265774,83074783710,Philip,Virginia,62
4552014055,Juan Williamson,1,8345014563,397646000000000,24/04/1997,947 Westridge Way,jwilliamson1i@cpanel.net,579830223,80834501456,Juan,Kathleen,62
4552014056,Frank Martin,0,2035666767,542533000000000,28/06/1998,30918 School Circle,fmartin1j@ycombinator.com,671554026,82035666767,Frank,Stephanie,62
4552014057,Philip Bennett,0,7191627276,625357000000000,17/12/1997,7501 Sauthoff Court,pbennett1k@stanford.edu,61117300,87191627276,Philip,Amy,62
4552014058,Terry Richardson,1,5139959265,551015000000000,10/05/1997,107 Oxford Way,trichardson1l@diigo.com,483012903,85139959265,Terry,Deborah,62
4552014059,Gerald Phillips,0,3244427923,628234000000000,22/03/1998,931 Manufacturers Hill,gphillips1m@nba.com,885770893,83244427923,Gerald,Carol,62
4552014060,Benjamin Robertson,1,7315785832,800881000000000,06/03/1997,618 Continental Street,brobertson1n@e0recht24.de,74783710,87315785832,Benjamin,Deborah,62
4552014061,Henry Garcia,0,4115951064,982340000000000,06/03/1998,68048 Sommers Parkway,hgarcia1o@senate.gov,83450145,84115951064,Henry,Pamela,62
4552014062,Ernest Myers,1,5308913474,351425000000000,30/07/1998,231 Morning Lane,emyers1p@ameblo.jp,620356667,85308913474,Ernest,Virginia,62
4552014063,Harry Ramirez,0,6365281031,819360000000000,24/02/1998,7249 Green Ridge Avenue,hramirez1q@paypal.com,677191627,86365281031,Harry,Carol,62
4552014064,Donald Washington,1,5522174823,509282000000000,11/02/1997,49 Spaight Way,dwashington1r@rediff.com,276513995,85522174823,Donald,Joan,62
4552014065,Charles Hayes,0,6303528072,590839000000000,23/01/1997,21 8th Place,chayes1s@mediafire.com,926532444,86303528072,Charles,Christine,62
4552014066,Sean Stone,0,2591085079,384802000000000,30/08/1998,77995 Butterfield Crossing,sstone1t@hugedomains.com,279237315,82591085079,Sean,Kathryn,62
4552014067,Russell Bowman,0,5341048594,690894000000000,20/10/1997,95 Kenwood Circle,rbowman1u@yandex.ru,785832411,80534104859,Russell,Irene,62
4552014068,Frank Hudson,0,2541395827,566667000000000,05/02/1998,7253 Corscot Street,fhudson1v@accuweather.com,595106453,82541395827,Frank,Diane,62
4552014069,Brandon Williams,1,9617719034,952342000000000,20/04/1998,5646 Bashford Point,bwilliams1w@opera.com,89134746,89617719034,Brandon,Carol,62
4552014070,Jesse Schmidt,1,1753324129,712605000000000,13/02/1998,62 Starling Parkway,jschmidt1x@tripod.com,365281031,81753324129,Jesse,Mildred,62
4552014071,Antonio Perez,0,8745680771,881215000000000,30/07/1997,9 Namekagon Point,aperez1y@hatena.ne.jp,552217482,80874568077,Antonio,Lois,62
4552014072,Michael Black,1,4313630190,386987000000000,22/11/1997,969 Pierstorff Point,mblack1z@indiegogo.com,363035280,84313630190,Michael,Lisa,62
4552014073,Steven Stephens,0,4293148205,782780000000000,26/10/1997,47 Moland Plaza,sstephens20@freewebs.com,722591085,84293148205,Steven,Sandra,62
4552014074,Clarence Stewart,1,5932874814,527679000000000,17/10/1997,444 Amoth Way,cstewart21@example.com,79053410,85932874814,Clarence,Diane,62
4552014075,Jerry Daniels,0,3552689295,725521000000,13/04/1998,9 Dapin Pass,jdaniels22@t0online.de,485925413,83552689295,Jerry,Ashley,62
4552014076,Daniel Thompson,0,9450588013,983552000000000,08/01/1998,9 Cascade Center,dthompson23@npr.org,958279617,89450588013,Daniel,Kelly,62
4552014077,George Rogers,1,2227031337,149903000000000,19/12/1997,926 American Drive,grogers24@china.com.cn,719034175,82227031337,George,Diane,62
4552014078,Jeremy Wright,0,9558378372,644196000000000,02/06/1997,05973 Westerfield Road,jwright25@bigcartel.com,332412908,80955837837,Jeremy,Ashley,62
4552014079,Edward Lopez,1,9391828018,152325000000000,02/05/1998,6970 Maryland Way,elopez26@state.tx.us,745680774,89391828018,Edward,Andrea,62
4552014080,Martin Watson,1,4860930087,119956000000000,18/06/1997,206 Corry Parkway,mwatson27@latimes.com,313630190,84860930087,Martin,Paula,62
4552014081,Andrew Edwards,0,6356583948,905391000000000,28/09/1998,7691 Stoughton Lane,aedwards28@posterous.com,429314820,86356583948,Andrew,Julia,62
4552014082,Stephen Peterson,1,3976458615,902215000000000,22/03/1998,704 Farwell Parkway,speterson29@jiathis.com,559328748,83976458615,Stephen,Kelly,62
4552014083,John King,0,5196454253,277955000000000,20/08/1998,5 Crescent Oaks Road,jking2a@hatena.ne.jp,143552689,85196454253,John,Wanda,62
4552014084,Steve Weaver,1,2682663945,227858000000000,31/01/1998,33622 Lighthouse Bay Way,sweaver2b@foxnews.com,295945058,82682663945,Steve,Virginia,62
4552014085,Mark Ford,1,6253566144,607273000000000,14/12/1996,9 Red Cloud Park,mford2c@hao123.com,801322270,86253566144,Mark,Kathleen,62
4552014086,Mark Murphy,0,6268255101,832860000000000,09/07/1998,42705 Iowa Street,mmurphy2d@guardian.co.uk,313370955,86268255101,Mark,Anna,62
4552014087,Raymond Peters,1,5176002433,347882000000000,01/12/1997,1086 Gale Court,rpeters2e@infoseek.co.jp,837837939,85176002433,Raymond,Nicole,62
4552014088,Ernest George,0,6282343436,785859000000000,13/11/1997,6 Mifflin Point,egeorge2f@tripadvisor.com,182801848,86282343436,Ernest,Mary,62
4552014089,Joe Jenkins,0,8473980088,249157000000000,05/05/1998,8932 Michigan Junction,jjenkins2g@google.co.uk,609300876,88473980088,Joe,Amy,62
4552014090,Nicholas Pierce,1,5143639214,702410000000000,06/05/1998,7087 Memorial Alley,npierce2h@japanpost.jp,356583948,80514363921,Nicholas,Debra,62
4552014091,Jerry Davis,1,9823402319,286708000000000,02/02/1997,02451 East Road,jdavis2i@addthis.com,397645861,89823402319,Jerry,Christine,62
4552014092,Gregory Spencer,1,8989135142,841838000000000,27/07/1997,726 Springview Avenue,gspencer2j@php.net,551964542,88989135142,Gregory,Marie,62
4552014093,Eugene Knight,0,5389287014,367896000000000,09/09/1998,33102 Summerview Hill,eknight2k@unesco.org,532682663,85389287014,Eugene,Anna,62
4552014094,Daniel Ward,1,8193597980,230651000000000,10/07/1998,5 Scofield Point,dward2l@desdev.cn,945625356,88193597980,Daniel,Norma,62
4552014095,Samuel Cruz,1,1475550928,827258000000000,21/09/1998,241 Gale Trail,scruz2m@irs.gov,614462682,81475550928,Samuel,Barbara,62
4552014096,Mark Nguyen,1,2450440511,831431000000000,16/02/1998,0 Dryden Terrace,mnguyen2n@newsvine.com,551015176,82450440511,Mark,Rose,62
4552014097,Mark Gray,0,5908387269,79538200000000,10/07/1998,64 Aberg Junction,mgray2o@jigsy.com,2433628,85908387269,Mark,Jean,62
4552014098,Brandon Stephens,1,3810338480,905121000000000,10/02/1998,7359 Anzinger Street,bstephens2p@hhs.gov,234343684,83810338480,Brandon,Mary,62
4552014099,Victor Warren,1,1541373585,660290000000000,11/09/1997,6754 Comanche Circle,vwarren2q@who.int,739800880,81541373585,Victor,Lillian,62
4552014100,Joshua Grant,0,6908936069,873076000000000,26/06/1998,7690 Fulton Hill,jgrant2r@cpanel.net,514363921,86908936069,Joshua,Jane,62
4552014101,Andrew Jones,0,7894156666,622143000000000,26/03/1997,9619 Thompson Park,ajones2s@mtv.com,982340231,87894156666,Andrew,Patricia,62
4552014102,Patrick Carpenter,0,6714061214,274076000000000,02/12/1996,57697 Caliangt Circle,pcarpenter2t@salon.com,989891351,86714061214,Patrick,Carolyn,62
4552014103,Willie Chapman,1,9523415231,668899000000000,12/03/1997,707 Londonderry Park,wchapman2u@ftc.gov,425389287,89523415231,Willie,Shirley,62
4552014104,Chris Stone,1,6882771260,945382000000000,19/05/1998,4 Schmedeman Place,cstone2v@t.co,14819359,86882771260,Chris,Rose,62
4552014105,Ryan Oliver,1,4946036245,164678000000000,05/12/1996,5027 Hooker Avenue,roliver2w@earthlink.net,798014755,84946036245,Ryan,Nicole,62
4552014106,Michael Cooper,0,8812149824,597026000000000,13/06/1997,350 Algoma Crossing,mcooper2x@facebook.com,509282450,88812149824,Michael,Lisa,62
4552014107,Michael Palmer,0,5299838698,553189000000000,18/02/1998,9645 Roth Way,mpalmer2y@imageshack.us,440511590,85299838698,Michael,Lillian,62
4552014108,Howard Hawkins,0,6623826275,935427000000000,01/05/1997,26 Melvin Point,hhawkins2z@google.com,838726938,86623826275,Howard,Linda,62
4552014109,Russell Garza,0,7827802089,591818000000000,31/10/1997,7 Caliangt Circle,rgarza30@mashable.com,103384801,87827802089,Russell,Theresa,62
4552014110,Michael Jenkins,1,2820552767,840378000000000,14/08/1997,50 Corben Hill,mjenkins31@fc2.com,541373585,82820552767,Michael,Shirley,62
4552014111,Bruce Walker,1,8781609589,611575000000000,15/02/1998,95 Graceland Circle,bwalker32@forbes.com,690893606,88781609589,Bruce,Diane,62
4552014112,Thomas Coleman,0,7255214222,538327000000000,06/05/1997,3820 Artisan Drive,tcoleman33@desdev.cn,978941566,80007255214,Thomas,Helen,62
4552014113,Ralph Sullivan,0,8646898355,631534000000000,09/02/1997,08577 Crescent Oaks Street,rsullivan34@so0net.ne.jp,666714061,88646898355,Ralph,Karen,62
4552014114,James Green,1,1558405472,912617000000000,15/07/1998,6323 Ohio Hill,jgreen35@comcast.net,214952341,81558405472,James,Virginia,62
4552014115,Scott Matthews,0,1499030350,836886000000000,22/01/1997,0672 Moland Way,smatthews36@typepad.com,523168827,81499030350,Scott,Nancy,62
4552014116,Joseph Taylor,0,7678364419,498756000000000,01/03/1998,37 Crowley Center,jtaylor37@cdbaby.com,712604946,87678364419,Joseph,Tina,62
4552014117,Gerald Chapman,1,5574734088,690014000000000,12/05/1998,2 Colorado Circle,gchapman38@xrea.com,36245881,85574734088,Gerald,Barbara,62
4552014118,Fred Frazier,0,1523246662,707412000000000,08/05/1998,6530 Straubel Trail,ffrazier39@arizona.edu,214982452,81523246662,Fred,Jessica,62
4552014119,Stephen Foster,1,9049311995,823028000000000,08/03/1997,01357 Ilene Way,sfoster3a@delicious.com,998386986,89049311995,Stephen,Lois,62
4552014120,Earl Richards,1,5560594634,137128000000000,16/06/1997,88278 Ludington Parkway,erichards3b@cargocollective.com,623826275,85560594634,Earl,Debra,62
4552014121,Ronald Morris,0,9053912881,266330000000000,14/12/1997,61289 Packers Drive,rmorris3c@dailymail.co.uk,782780208,89053912881,Ronald,Ann,62
4552014122,Steve Parker,1,8602490221,13939400000000,27/05/1998,9 Anderson Road,sparker3d@cbslocal.com,928205527,88602490221,Steve,Doris,62
4552014123,Brandon Peterson,0,5444250421,551896000000000,14/08/1997,12 Melby Trail,bpeterson3e@live.com,678781609,85444250421,Brandon,Debra,62
4552014124,Shawn Welch,0,2779554034,672801000000000,25/07/1997,3234 Hansons Way,swelch3f@sfgate.com,589000725,82779554034,Shawn,Joyce,62
4552014125,Brian Carroll,0,1229822785,520756000000000,08/03/1997,8780 Mockingbird Way,bcarroll3g@last.fm,521486468,81229822785,Brian,Wanda,62
4552014126,Roy Harris,0,8394469856,652321000000000,16/05/1997,20001 Judy Terrace,rharris3h@google.pl,983551558,88394469856,Roy,Janice,62
4552014127,Joe Turner,0,6072726471,599531000000000,01/12/1996,22 Service Terrace,jturner3i@ucsd.edu,405472149,86072726471,Joe,Julie,62
4552014128,Russell Willis,0,3216383286,972330000000000,05/09/1998,98 Dryden Junction,rwillis3j@weibo.com,903035076,83216383286,Russell,Bonnie,62
4552014129,Clarence Nichols,1,1260546791,574766000000000,31/08/1998,61 Golf View Trail,cnichols3k@techcrunch.com,783644195,80126054679,Clarence,Deborah,62
4552014130,Larry Barnes,0,3478816387,39589600000000,27/01/1997,9 Memorial Trail,lbarnes3l@nydailynews.com,574734088,83478816387,Larry,Jane,62
4552014131,Harold Reid,1,6172378585,302516000000000,06/06/1998,319 Scofield Alley,hreid3m@columbia.edu,152324666,86172378585,Harold,Doris,62
4552014132,Randy Stone,1,8733108109,884238000000000,20/07/1997,9 Lakewood Avenue,rstone3n@epa.gov,290493119,88733108109,Randy,Jean,62
4552014133,Charles Thomas,1,2491573342,131315000000000,11/08/1998,8 Annamark Point,cthomas3o@craigslist.org,955560594,82491573342,Charles,Patricia,62
4552014134,Joseph Phillips,0,2012770241,538928000000000,26/10/1997,99 Village Green Avenue,jphillips3p@spotify.com,634905391,82012770241,Joseph,Christina,62
4552014135,Gary Patterson,1,3739597202,435841000000000,01/09/1998,171 Gina Plaza,gpatterson3q@dyndns.org,288186024,80373959720,Gary,Alice,62
4552014136,Harold Ferguson,1,2867081830,609836000000000,22/01/1997,1877 Talmadge Park,hferguson3r@amazon.co.jp,902215444,82867081830,Harold,Deborah,62
4552014137,Brandon Anderson,1,3620284183,354166000000000,21/02/1997,36 Green Crossing,banderson3s@vistaprint.com,250421277,83620284183,Brandon,Helen,62
4552014138,Lawrence Turner,0,7581704881,376588000000000,01/08/1998,9 Hagan Alley,lturner3t@dagondesign.com,955403412,87581704881,Lawrence,Melissa,62
4552014139,Benjamin Parker,1,3678955566,326057000000000,11/07/1998,4117 Anzinger Crossing,bparker3u@tripod.com,298227858,83678955566,Benjamin,Pamela,62
4552014140,Terry George,1,3008823065,421971000000000,10/07/1997,7305 Utah Alley,tgeorge3v@infoseek.co.jp,394469856,83008823065,Terry,Mildred,62
4552014141,Anthony Carter,1,9722829444,598840000000000,11/10/1997,2716 Buell Road,acarter3w@slate.com,607272647,80972282944,Anthony,Rebecca,62
4552014142,James Ellis,0,8272584739,813344000000000,04/10/1998,066 Nelson Terrace,jellis3x@sourceforge.net,132163832,88272584739,James,Phyllis,62
4552014143,Joseph Butler,1,5190283143,306026000000000,24/11/1996,78 Goodland Way,jbutler3y@mail.ru,860126054,85190283143,Joseph,Rachel,62
4552014144,Larry Riley,0,1040790814,256088000000000,07/08/1998,6 Kim Way,lriley3z@tamu.edu,679347881,81040790814,Larry,Linda,62
4552014145,Patrick Evans,0,7953823215,279364000000000,21/08/1998,58813 Garrison Plaza,pevans40@friendfeed.com,638761723,80795382321,Patrick,Beverly,62
4552014146,Keith Rose,1,4075905125,295615000000000,01/10/1997,05 Division Street,krose41@hc360.com,785858733,80407590512,Keith,Jane,62
4552014147,Aaron Perez,0,9891733072,335290000000000,08/10/1997,14402 Montana Crossing,aperez42@unesco.org,108109249,80989173307,Aaron,Michelle,62
4552014148,Benjamin Bishop,1,6602898999,321108000000000,04/02/1998,1 Jenna Parkway,bbishop43@statcounter.com,157334220,86602898999,Benjamin,Doris,62
4552014149,Antonio Hall,0,4208787307,282558000000000,30/11/1996,4 Columbus Circle,ahall44@narod.ru,127702410,84208787307,Antonio,Jean,62
4552014150,Jason Lee,1,6421916033,795034000000000,08/12/1996,94510 Mcguire Road,jlee45@addthis.com,373959720,86421916033,Jason,Ruby,62
4552014151,Martin Robinson,1,6221432605,492490000000000,21/09/1998,229 Little Fleur Center,mrobinson46@over0blog.com,286708183,86221432605,Martin,Cheryl,62
4552014152,Gary Shaw,1,4960827407,171988000000000,12/03/1998,9601 Holy Cross Plaza,gshaw47@ucsd.edu,36202841,84960827407,Gary,Lisa,62
4552014153,Chris Wells,0,6012938515,20121100000000,26/01/1998,90710 Melvin Place,cwells48@blogs.com,837581704,86012938515,Chris,Alice,62
4552014154,Louis Gonzales,1,6688987079,957322000000000,16/08/1997,66314 Superior Way,lgonzales49@xinhuanet.com,881367895,86688987079,Louis,Christine,62
4552014155,David Ray,1,1586394538,728796000000000,25/01/1997,37 Russell Pass,dray4a@weebly.com,556630088,81586394538,David,Ruth,62
4552014156,Shawn Carter,0,2394851328,202476000000000,10/01/1997,8 Dorton Junction,scarter4b@alexa.com,230650972,82394851328,Shawn,Lori,62
4552014157,Craig Butler,0,1646779641,37304300000000,06/09/1998,6362 Gulseth Terrace,cbutler4c@weibo.com,282944827,81646779641,Craig,Cynthia,62
4552014158,Henry Sanders,0,9263159702,307036000000000,09/12/1997,41 Longview Court,hsanders4d@diigo.com,258473951,89263159702,Henry,Joyce,62
4552014159,Roy Wilson,1,6176253407,973082000000000,16/12/1996,4 Northport Plaza,rwilson4e@intel.com,902831431,86176253407,Roy,Virginia,62
4552014160,Juan Adams,1,5531888017,1850890000000,08/11/1997,80 Kennedy Center,jadams4f@chronoengine.com,40790814,85531888017,Juan,Phyllis,62
4552014161,Aaron Cook,1,5059093542,736168000000000,07/05/1997,216 Green Plaza,acook4g@wp.com,79538232,85059093542,Aaron,Laura,62
4552014162,Nicholas Fox,0,7267220117,355615000000000,29/10/1996,015 Sundown Terrace,nfox4h@businessweek.com,104075905,87267220117,Nicholas,Donna,62
4552014163,Bobby Fernandez,0,5918178669,14879000000000,13/10/1997,738 Transport Parkway,bfernandez4i@yellowpages.com,120989173,85918178669,Bobby,Annie,62
4552014164,Joshua Little,1,9266584037,969331000000000,05/09/1998,8 Leroy Road,jlittle4j@blogtalkradio.com,307660289,89266584037,Joshua,Jacqueline,62
4552014165,Louis Cruz,1,8311257621,383428000000000,25/11/1997,4 Portage Terrace,lcruz4k@msn.com,899942087,88311257621,Louis,Joyce,62
4552014166,Dennis Fields,0,6115748564,945690000000000,10/06/1998,13 Westridge Center,dfields4l@amazon.com,873076421,86115748564,Dennis,Nancy,62
4552014167,Earl Cruz,0,9843253832,936201000000000,26/07/1998,94 7th Terrace,ecruz4m@toplist.cz,916033622,89843253832,Earl,Laura,62
4552014168,Louis Fisher,0,7068011953,6518270000000,21/06/1998,32 Hazelcrest Court,lfisher4n@jigsy.com,143260549,87068011953,Louis,Kelly,62
4552014169,Justin Jacobs,0,6315340317,698355000000000,22/05/1998,44743 Arrowood Pass,jjacobs4o@wired.com,608274076,86315340317,Justin,Joan,62
4552014170,Charles Stanley,1,9035291261,156417000000000,08/04/1998,02293 Arkansas Lane,cstanley4p@addthis.com,12938515,89035291261,Charles,Marie,62
4552014171,Johnny Myers,0,7015229051,583279000000000,30/07/1997,97 Calypso Way,jmyers4q@ustream.tv,668898707,87015229051,Johnny,Amanda,62
4552014172,Martin Carroll,1,8368861667,598955000000000,14/12/1997,661 Mayer Trail,mcarroll4r@ehow.com,915863945,88368861667,Martin,Jennifer,62
4552014173,Walter Wright,1,4989498753,728375000000000,03/08/1997,4028 Mayer Trail,wwright4s@admin.ch,382394851,80498949875,Walter,Anna,62
4552014174,Victor Baker,0,6486878095,163754000000000,11/02/1998,4 Eagle Crest Way,vbaker4t@4shared.com,328164677,86486878095,Victor,Teresa,62
4552014175,Phillip Ramos,1,6900135580,773449000000000,28/08/1997,366 Stephen Hill,pramos4u@cam.ac.uk,964192631,86900135580,Phillip,Stephanie,62
4552014176,Earl Davis,0,1774670741,435292000000000,09/06/1997,0 Declaration Trail,edavis4v@weibo.com,597026176,81774670741,Earl,Rachel,62
4552014177,Anthony Lynch,0,2183571476,987844000000000,27/03/1997,1 Clemons Terrace,alynch4w@dot.gov,253407553,82183571476,Anthony,Nancy,62
4552014178,Samuel Ramirez,0,8230278859,835044000000000,21/11/1997,4926 Kings Center,sramirez4x@cnet.com,188801750,88230278859,Samuel,Donna,62
4552014179,Juan Stevens,0,7134713712,411540000000000,22/05/1998,7500 Dahle Plaza,jstevens4y@biglobe.ne.jp,590935427,87134713712,Juan,Janet,62
4552014180,Howard Gomez,1,7534455141,987386000000000,05/08/1997,00559 Blaine Street,hgomez4z@cdc.gov,267220117,87534455141,Howard,Ann,62
4552014181,Terry Garcia,0,2663300813,828479000000000,19/09/1998,5961 Summerview Road,tgarcia50@elegantthemes.com,591817866,82663300813,Terry,Shirley,62
4552014182,Edward Anderson,1,8169801393,146694000000000,02/04/1998,222 Barnett Avenue,eanderson51@berkeley.edu,992665840,88169801393,Edward,Laura,62
4552014183,Victor Lewis,0,9365540506,103873000000000,19/02/1997,1085 Tennessee Street,vlewis52@samsung.com,378311257,89365540506,Victor,Teresa,62
4552014184,Antonio Gardner,1,5518962250,180477000000000,20/07/1997,2 Lukken Point,agardner53@tripadvisor.com,621611574,85518962250,Antonio,Louise,62
4552014185,Carlos Porter,0,5252067280,503226000000000,08/08/1998,02915 Troy Way,cporter54@unblog.fr,856498432,85252067280,Carlos,Janet,62
4552014186,Louis Baker,1,6830643703,397213000000000,31/08/1997,26181 Helena Drive,lbaker55@bbc.co.uk,538327068,80683064370,Louis,Anna,62
4552014187,Chris Little,1,5207561818,297801000000000,02/04/1997,841 Jay Drive,clittle56@google.ca,11953631,85207561818,Chris,Mary,62
4552014188,Brandon Smith,0,5659265232,620962000000000,22/04/1997,97 Blaine Junction,bsmith57@mapy.cz,534031790,85659265232,Brandon,Sara,62
4552014189,Ernest Chapman,1,1228887400,275682000000000,03/02/1998,156 Hallows Plaza,echapman58@hao123.com,352912617,81228887400,Ernest,Ruth,62
4552014190,Jeremy Cruz,0,5995309951,840380000000000,01/09/1998,01 Bashford Place,jcruz59@vimeo.com,15229051,85995309951,Jeremy,Ruby,62
4552014191,Stephen Reyes,1,1123397233,736467000000000,16/01/1998,726 Village Green Drive,sreyes5a@tinyurl.com,836886166,81123397233,Stephen,Anna,62
4552014192,Larry Carter,1,4843924905,502017000000000,18/03/1998,7574 Hazelcrest Trail,lcarter5b@forbes.com,704989498,80484392490,Larry,Mary,62
4552014193,Wayne Dean,1,5747663090,134689000000000,30/05/1998,62255 Center Place,wdean5c@google.com.br,756486878,85747663090,Wayne,Angela,62
4552014194,Howard Burton,1,8015103958,121231000000000,14/07/1998,846 Linden Drive,hburton5d@symantec.com,95690013,88015103958,Howard,Karen,62
4552014195,Gregory Taylor,0,9625763859,745168000000000,21/04/1998,421 Cottonwood Pass,gtaylor5e@weibo.com,558017746,89625763859,Gregory,Ruth,62
4552014196,Antonio Stevens,1,3025157794,752072000000000,31/07/1997,10177 Blackbird Drive,astevens5f@github.io,707412183,83025157794,Antonio,Rose,62
4552014197,Dennis Armstrong,0,1785788423,175218000000000,03/01/1998,9 Onsgard Hill,darmstrong5g@abc.net.au,571476823,81785788423,Dennis,Tammy,62
4552014198,Gary Perkins,0,8413041772,786491000000000,19/12/1996,7 Corry Hill,gperkins5h@uol.com.br,27885971,88413041772,Gary,Frances,62
4552014199,Henry Cole,1,1313151505,960638000000000,13/02/1997,930 Utah Way,hcole5i@oracle.com,347137127,81313151505,Henry,Lisa,62
4552014200,Roy Dunn,0,1221553892,369189000000000,21/11/1997,6 Coolidge Place,rdunn5j@kickstarter.com,534455141,81221553892,Roy,Virginia,62
4571015001,Ernest Watkins,1,8427584094,82269000000000,15/06/1997,150 Debs Drive,ewatkins5k@phpbb.com,266330081,88427584094,Ernest,Patricia,62
4571015002,Clarence Willis,0,4358410334,397744000000000,20/12/1997,68134 Spaight Hill,cwillis5l@nymag.com,381698013,84358410334,Clarence,Ruth,62
4571015003,Michael Willis,1,6755609832,742716000000000,24/04/1997,703 Farmco Way,mwillis5m@arstechnica.com,939365540,80675560983,Michael,Christine,62
4571015004,James Thompson,1,5790487402,896403000000000,28/03/1998,48 Spenser Crossing,jthompson5n@ow.ly,506551896,85790487402,James,Mildred,62
4571015005,Eric Medina,0,3541664529,531334000000000,21/06/1997,838 Debra Court,emedina5o@printfriendly.com,225052520,83541664529,Eric,Lori,62
4571015006,Jesse Torres,1,1249937658,145730000000000,02/03/1997,0145 Sheridan Lane,jtorres5p@shinystat.com,672800683,81249937658,Jesse,Ruth,62
4571015007,Kenneth Riley,0,7897716501,645016000000000,20/02/1997,55939 Elmside Place,kriley5q@altervista.org,64370520,87897716501,Kenneth,Sharon,62
4571015008,Jeffrey Woods,0,3260574490,331583000000000,14/03/1997,30583 Little Fleur Circle,jwoods5r@macromedia.com,756181856,83260574490,Jeffrey,Stephanie,62
4571015009,Earl Rodriguez,0,6119042197,64895600000000,23/06/1998,171 Rieder Crossing,erodriguez5s@msn.com,592652321,86119042197,Earl,Tammy,62
4571015010,Clarence Mccoy,1,9333135692,600214000000000,12/07/1998,4222 Sage Hill,cmccoy5t@wired.com,228887400,80933313569,Clarence,Diana,62
4571015011,Bruce Jenkins,1,5988395136,813311000000000,13/01/1997,3042 Rowland Terrace,bjenkins5u@lycos.com,599530995,85988395136,Bruce,Betty,62
4571015012,Jerry Anderson,0,2881981334,996977000000000,04/06/1998,86 North Junction,janderson5v@networkadvertising.org,111233972,82881981334,Jerry,Dorothy,62
4571015013,Keith Ford,1,3927217617,578814000000000,18/04/1998,576 Glendale Road,kford5w@360.cn,330484392,83927217617,Keith,Stephanie,62
4571015014,Ryan Garrett,0,3060256072,953549000000000,27/03/1997,08 Grover Circle,rgarrett5x@ameblo.jp,490574766,83060256072,Ryan,Cheryl,62
4571015015,Keith Price,1,9543256083,812602000000000,01/06/1997,16 Mayer Place,kprice5y@51.la,309080151,80954325608,Keith,Dorothy,62
4571015016,Lawrence Bell,1,8157579237,835132000000000,03/01/1997,9289 Moulton Way,lbell5z@yahoo.com,39589625,88157579237,Lawrence,Sara,62
4571015017,Carlos Crawford,1,2793638106,661388000000000,21/05/1998,32 Huxley Terrace,ccrawford60@whitehouse.gov,763859302,82793638106,Carlos,Andrea,62
4571015018,Steven Harris,0,8765129561,756691000000000,19/09/1998,839 Dawn Drive,sharris61@nhs.uk,515779417,88765129561,Steven,Nancy,62
4571015019,Benjamin Larson,0,5413850921,153565000000000,27/04/1997,026 Nova Park,blarson62@ft.com,857884238,85413850921,Benjamin,Susan,62
4571015020,Victor Hill,1,3352904857,287696000000000,31/12/1996,699 Manufacturers Way,vhill63@storify.com,413041772,83352904857,Victor,Nancy,62
4571015021,Henry Wood,1,3303032110,3734620000000,11/10/1997,16996 West Point,hwood64@google.co.uk,131315150,83303032110,Henry,Marilyn,62
4571015022,Robert Day,0,8187289230,953438000000000,03/03/1997,279 Dayton Center,rday65@gizmodo.com,512215538,88187289230,Robert,Louise,62
4571015023,Frank Peterson,0,2825581249,123773000000000,03/02/1998,212 Eastwood Trail,fpeterson66@webs.com,928427584,82825581249,Frank,Julie,62
4571015024,Stephen Garza,0,8827179503,244337000000000,26/07/1998,18 Lukken Terrace,sgarza67@cbc.ca,94435841,88827179503,Stephen,Beverly,62
4571015025,Charles Sanchez,1,4015342329,968719000000000,02/04/1998,52 Tony Pass,csanchez68@livejournal.com,33406755,84015342329,Charles,Louise,62
4571015026,Brian Phillips,0,4924904498,947182000000000,05/06/1998,86264 Ludington Road,bphillips69@samsung.com,609835790,84924904498,Brian,Elizabeth,62
4571015027,Lawrence Kennedy,0,5323017198,594450000000000,18/03/1998,83366 Hanson Place,lkennedy6a@csmonitor.com,487402354,85323017198,Lawrence,Theresa,62
4571015028,Keith Stevens,1,8329332834,190738000000000,24/01/1997,789 Sunfield Place,kstevens6b@dell.com,166452912,88329332834,Keith,Diana,62
4571015029,Shawn Brown,1,2012107663,783219000000000,25/09/1998,96 Amoth Circle,sbrown6c@omniture.com,499376587,80201210766,Shawn,Virginia,62
4571015030,Steven Gordon,0,8058895732,280903000000000,22/11/1997,1 Morning Avenue,sgordon6d@technorati.com,897716501,88058895732,Steven,Ashley,62
4571015031,Thomas Cole,1,2200231687,812390000000000,01/09/1997,559 Ilene Drive,tcole6e@purevolume.com,326057449,82200231687,Thomas,Norma,62
4571015032,George Williamson,1,7287959291,772824000000000,27/05/1997,682 Union Point,gwilliamson6f@alexa.com,61190421,87287959291,George,Pamela,62
4571015033,Gregory Gutierrez,1,3081920247,761603000000000,11/06/1998,71 Eastwood Place,ggutierrez6g@va.gov,970933313,83081920247,Gregory,Marie,62
4571015034,Louis Rogers,0,5810071693,457447000000000,17/11/1997,1 Spenser Hill,lrogers6h@timesonline.co.uk,569598839,85810071693,Louis,Kimberly,62
4571015035,Albert Simpson,0,3730432313,980503000000000,03/02/1998,8765 New Castle Alley,asimpson6i@yolasite.com,513628819,80373043231,Albert,Shirley,62
4571015036,Joshua Willis,1,2771307033,360522000000000,29/10/1996,41206 Maple Pass,jwillis6j@usgs.gov,813343927,80277130703,Joshua,Amanda,62
4571015037,Edward Black,0,6319561510,158695000000000,04/08/1997,0 Beilfuss Drive,eblack6k@twitter.com,217617306,86319561510,Edward,Dorothy,62
4571015038,Justin Elliott,1,9730815171,897906000000000,01/08/1997,31 Old Gate Plaza,jelliott6l@domainmarket.com,25607209,89730815171,Justin,Beverly,62
4571015039,Jonathan Jackson,1,7949800185,644996000000000,29/04/1998,718 Donald Court,jjackson6m@multiply.com,543256088,87949800185,Jonathan,Deborah,62
4571015040,Chris Gardner,0,8928085143,956854000000000,13/12/1997,85710 Randy Center,cgardner6n@sogou.com,157579237,80892808514,Chris,Lori,62
4571015041,Shawn Sanchez,1,7361680865,858010000000000,03/11/1996,74954 Kings Hill,ssanchez6o@about.com,279363810,87361680865,Shawn,Kathleen,62
4571015042,Gregory Williams,1,7102835561,223197000000000,07/10/1997,47 Twin Pines Circle,gwilliams6p@wufoo.com,687651295,87102835561,Gregory,Heather,62
4571015043,Bobby Palmer,1,4938323373,127492000000000,28/03/1997,37673 Armistice Park,bpalmer6q@mit.edu,615413850,84938323373,Bobby,Ann,62
4571015044,Steve Russell,0,1487898974,535774000000000,31/10/1997,71 Jay Parkway,srussell6r@soup.io,921335290,80148789897,Steve,Cynthia,62
4571015045,Henry Richards,1,9195896933,244243000000000,25/01/1998,30433 High Crossing Center,hrichards6s@yandex.ru,485733030,89195896933,Henry,Margaret,62
4571015046,Matthew Hunter,1,1414576346,207762000000000,09/09/1997,8276 Red Cloud Way,mhunter6t@addtoany.com,321108187,81414576346,Matthew,Kathryn,62
4571015047,Joseph Jenkins,0,3834278901,425659000000000,19/09/1997,9 Thompson Street,jjenkins6u@reverbnation.com,289230282,83834278901,Joseph,Lisa,62
4571015048,Todd Green,0,4073494568,356945000000000,28/10/1996,4306 Swallow Pass,tgreen6v@techcrunch.com,558124988,84073494568,Todd,Virginia,62
4571015049,Antonio Cox,1,9899708456,783727000000000,13/12/1997,055 Pepper Wood Crossing,acox6w@yandex.ru,271795034,89899708456,Antonio,Janet,62
4571015050,Gregory Wallace,0,9362006516,467639000000000,19/10/1997,7 Prentice Crossing,gwallace6x@lulu.com,15342329,89362006516,Gregory,Donna,62
4571015051,Arthur Kennedy,1,1973500651,869816000000000,05/07/1998,838 Cherokee Circle,akennedy6y@unc.edu,492490449,81973500651,Arthur,Joan,62
4571015052,Joe Jacobs,1,8272452258,34100400000000,31/12/1996,99435 Merry Hill,jjacobs6z@shutterfly.com,853230171,88272452258,Joe,Sharon,62
4571015053,Raymond Carter,1,6983550581,767895000000000,29/05/1998,591 Pierstorff Parkway,rcarter70@w3.org,988329332,86983550581,Raymond,Judy,62
4571015054,George Andrews,1,5073415641,746230000000000,16/11/1997,90 Delaware Street,gandrews71@addtoany.com,834020121,85073415641,George,Diana,62
4571015055,Kevin Morrison,0,7040610552,912647000000000,17/11/1996,7 Express Street,kmorrison72@qq.com,76680588,87040610552,Kevin,Betty,62
4571015056,Lawrence Young,1,5832785272,179803000000000,16/06/1998,0 Northfield Trail,lyoung73@unc.edu,957322200,85832785272,Lawrence,Louise,62
4571015057,Shawn Romero,1,9763159895,912961000000000,14/09/1997,3302 Esker Junction,sromero74@typepad.com,231687728,89763159895,Shawn,Julia,62
4571015058,Jerry Hanson,1,4952522308,258256000000000,23/12/1996,69295 Becker Crossing,jhanson75@ted.com,795929130,84952522308,Jerry,Kathy,62
4571015059,Fred Henry,1,7283754182,899391000000000,21/10/1998,6 Red Cloud Lane,fhenry76@ibm.com,819202475,87283754182,Fred,Lillian,62
4571015060,Ralph Davis,1,9689816375,394952000000000,08/01/1997,6786 Union Lane,rdavis77@xing.com,810071693,89689816375,Ralph,Jean,62
4571015061,Gregory Shaw,0,4101228546,574292000000000,27/11/1997,95 Everett Drive,gshaw78@salon.com,37304323,84101228546,Gregory,Karen,62
4571015062,Jason Parker,1,7734491838,731585000000000,30/10/1997,42596 Luster Place,jparker79@cornell.edu,102771307,87734491838,Jason,Amanda,62
4571015063,Albert Day,1,7971143529,466758000000000,07/01/1997,066 Fuller Place,aday7a@unblog.fr,36319561,87971143529,Albert,Judy,62
4571015064,Brandon Mason,1,1556790231,344573000000000,01/09/1997,29 Blackbird Place,bmason7b@tmall.com,510973081,81556790231,Brandon,Jacqueline,62
4571015065,Patrick Morgan,0,9878444358,163491000000000,11/03/1998,20596 Independence Park,pmorgan7c@irs.gov,517179498,89878444358,Patrick,Stephanie,62
4571015066,Aaron Jacobs,0,2949835045,660620000000000,27/01/1997,42 Farwell Crossing,ajacobs7d@pcworld.com,1850892,80294983504,Aaron,Christine,62
4571015067,Sean Stevens,1,3525777440,940266000000000,26/04/1998,05 Jackson Court,sstevens7e@kickstarter.com,808514736,83525777440,Sean,Patricia,62
4571015068,Christopher Gibson,0,4115402868,2138440000000,26/12/1997,918 Lien Park,cgibson7f@ycombinator.com,168086571,84115402868,Christopher,Lori,62
4571015069,Samuel Sanchez,0,1476498738,563030000000000,22/10/1996,2588 Farmco Place,ssanchez7g@soup.io,28355614,81476498738,Samuel,Robin,62
4571015070,Nicholas Adams,0,6280980496,511834000000000,09/04/1998,262 Del Mar Hill,nadams7h@archive.org,938323373,86280980496,Nicholas,Anne,62
4571015071,Mark Stephens,1,8284794074,282578000000000,14/06/1997,47620 Annamark Court,mstephens7i@yandex.ru,14878989,88284794074,Mark,Sara,62
4571015072,Jason Harvey,0,8182214669,72444100000000,23/07/1997,371 Rutledge Parkway,jharvey7j@comcast.net,791958969,88182214669,Jason,Donna,62
4571015073,Joseph Burton,1,3813645220,755549000000000,20/10/1998,37 Grover Parkway,jburton7k@stanford.edu,331414576,83813645220,Joseph,Phyllis,62
4571015074,Victor Collins,1,1038733145,182980000000000,01/02/1997,155 Corscot Hill,vcollins7l@alexa.com,346383427,81038733145,Victor,Shirley,62
4571015075,Antonio Warren,0,6121918047,197849000000000,11/03/1997,21638 Bellgrove Trail,awarren7m@bloglovin.com,890140734,86121918047,Antonio,Julie,62
4571015076,Alan Harper,0,7411981032,474487000000000,13/04/1997,94271 Holmberg Circle,aharper7n@behance.net,945689899,87411981032,Alan,Jacqueline,62
4571015077,Dennis Patterson,1,5032263361,577513000000000,22/03/1997,27117 4th Terrace,dpatterson7o@wisc.edu,708456936,85032263361,Dennis,Kathleen,62
4571015078,Edward Garza,1,5821939721,498043000000000,02/09/1997,9 Green Ridge Plaza,egarza7p@icio.us,200651619,85821939721,Edward,Carolyn,62
4571015079,Harry Murphy,0,3209274503,870817000000000,31/05/1998,85 Raven Parkway,hmurphy7q@ebay.co.uk,735006518,83209274503,Harry,Melissa,62
4571015080,James Snyder,0,2978011474,232282000000000,15/06/1997,1 Orin Parkway,jsnyder7r@feedburner.com,272452258,82978011474,James,Elizabeth,62
4571015081,Gary Kennedy,1,3996762096,370544000000000,02/09/1998,1892 6th Place,gkennedy7s@yahoo.co.jp,698355058,83996762096,Gary,Dorothy,62
4571015082,Keith Gonzales,1,2303519679,812662000000000,23/10/1996,5772 Dapin Point,kgonzales7t@nyu.edu,150734156,82303519679,Keith,Marie,62
4571015083,John Carpenter,0,2756824630,801383000000000,12/02/1998,969 Redwing Junction,jcarpenter7u@smugmug.com,417040610,82756824630,John,Lillian,62
4571015084,Albert Bailey,1,9187684037,622139000000000,11/07/1997,1973 Lighthouse Bay Street,abailey7v@sakura.ne.jp,552583278,89187684037,Albert,Evelyn,62
4571015085,Nicholas Robinson,1,9622730730,957700000000000,19/08/1998,62 Kipling Park,nrobinson7w@histats.com,527297631,89622730730,Nicholas,Linda,62
4571015086,Raymond Larson,1,7364674012,525954000000000,02/06/1997,9 Evergreen Alley,rlarson7x@uiuc.edu,598954952,87364674012,Raymond,Cynthia,62
4571015087,John Franklin,1,4463450201,26896300000000,30/09/1997,5 Manitowish Hill,jfranklin7y@washington.edu,522308728,84463450201,John,Cheryl,62
4571015088,Christopher Cruz,0,6937915244,125249000000000,09/08/1998,72942 Lukken Pass,ccruz7z@yale.edu,375418296,86937915244,Christopher,Gloria,62
4571015089,Terry Myers,1,1346887034,1735700000000,20/09/1997,9 Namekagon Court,tmyers80@npr.org,898163754,81346887034,Terry,Jean,62
4571015090,Brian Patterson,1,4671812123,752567000000000,03/12/1997,95164 Linden Lane,bpatterson81@people.com.cn,101228546,84671812123,Brian,Rose,62
4571015091,Stephen Smith,0,1110891097,44228700000000,20/12/1997,57 Nelson Alley,ssmith82@biblegateway.com,773449183,81110891097,Stephen,Andrea,62
4571015092,Jeffrey Snyder,1,7451678393,151999000000000,30/03/1998,9 Old Shore Center,jsnyder83@printfriendly.com,879711435,87451678393,Jeffrey,Julia,62
4571015093,Eugene Clark,1,1396375207,596931000000000,15/07/1997,682 Sullivan Plaza,eclark84@stanford.edu,291556790,81396375207,Eugene,Andrea,62
4571015094,Eric Edwards,1,1706717548,950469000000000,22/07/1997,38 Jana Junction,eedwards85@trellian.com,231987844,81706717548,Eric,Kathleen,62
4571015095,Jack Dunn,0,1752175310,427734000000000,16/02/1997,9739 Little Fleur Court,jdunn86@exblog.jp,435802949,81752175310,Jack,Phyllis,62
4571015096,Carlos Little,0,5007864922,332996000000000,18/01/1998,122 Oak Circle,clittle87@upenn.edu,835043525,80050078649,Carlos,Andrea,62
4571015097,Joseph Ramirez,1,1480899799,965224000000000,07/11/1996,2 Judy Circle,jramirez88@sitemeter.com,777440411,81480899799,Joseph,Dorothy,62
4571015098,Bruce Parker,0,9606380369,935819000000000,18/10/1997,414 Spohn Road,bparker89@instagram.com,540286814,89606380369,Bruce,Lillian,62
4571015099,Jimmy Perkins,1,4204436918,415218000000000,09/08/1998,91 Sheridan Drive,jperkins8a@mapquest.com,764987386,84204436918,Jimmy,Julia,62
4571015100,Christopher Jordan,0,9118635091,320009000000000,06/07/1997,3506 Glacier Hill Court,cjordan8b@mysql.com,280980496,89118635091,Christopher,Carol,62
4571015101,Terry Olson,1,8226897785,322271000000000,14/05/1998,24180 Gerald Way,tolson8c@imdb.com,828479407,80822689778,Terry,Sharon,62
4571015102,Ralph Jenkins,0,9305639774,55372200000000,26/04/1997,759 Independence Trail,rjenkins8d@eepurl.com,481822146,89305639774,Ralph,Tina,62
4571015103,Donald Alvarez,1,3583336104,678660000000000,05/05/1997,7 Oriole Terrace,dalvarez8e@imgur.com,693813645,83583336104,Donald,Robin,62
4571015104,Victor Garrett,1,7427157227,188495000000000,07/04/1998,2 Boyd Trail,vgarrett8f@acquirethisname.com,220103873,87427157227,Victor,Shirley,62
4571015105,Victor Williamson,0,3609896401,399777000000000,30/11/1996,75 Talmadge Avenue,vwilliamson8g@mashable.com,314561219,80360989640,Victor,Patricia,62
4571015106,Richard Montgomery,0,2903224774,986827000000000,12/03/1997,24332 Graceland Way,rmontgomery8h@cam.ac.uk,180477411,82903224774,Richard,Linda,62
4571015107,Ernest Adams,0,5313343521,662649000000000,21/12/1996,479 Monica Avenue,eadams8i@alexa.com,981032503,85313343521,Ernest,Christine,62
4571015108,Todd Thompson,0,6988414573,652957000000000,14/01/1997,38384 Hooker Court,tthompson8j@cdc.gov,226336158,86988414573,Todd,Julie,62
4571015109,Aaron Murphy,0,2777020081,733055000000000,14/04/1998,151 Grover Junction,amurphy8k@ycombinator.com,219397213,80277702008,Aaron,Amanda,62
4571015110,Jose Cole,0,6450157327,927384000000000,26/04/1998,9892 Forster Point,jcole8l@nih.gov,209274503,86450157327,Jose,Barbara,62
4571015111,Christopher Shaw,1,9114033158,992229000000000,10/07/1998,6 Monument Junction,cshaw8m@va.gov,297801147,89114033158,Christopher,Pamela,62
4571015112,Harold Parker,0,3051025104,833784000000000,09/10/1997,80 Acker Park,hparker8n@hhs.gov,439967620,83051025104,Harold,Helen,62
4571015113,Henry Morgan,0,6489562221,252286000000000,24/03/1998,33 Di Loreto Pass,hmorgan8o@disqus.com,962303519,80648956222,Henry,Margaret,62
4571015114,Randy Ruiz,0,1747860021,64066400000000,03/06/1998,08494 Muir Trail,rruiz8p@naver.com,679275682,81747860021,Randy,Irene,62
4571015115,Henry Henderson,0,3924154066,324325000000000,07/04/1998,194 Anhalt Court,hhenderson8q@ft.com,463091876,83924154066,Henry,Christine,62
4571015116,Thomas Murphy,1,8133105893,419192000000000,01/09/1998,6630 Iowa Place,tmurphy8r@desdev.cn,840379622,88133105893,Thomas,Catherine,62
4571015117,Jose Gomez,0,8984399697,998980000000000,15/12/1996,60 Tomscot Alley,jgomez8s@yolasite.com,730730736,88984399697,Jose,Jean,62
4571015118,Kenneth Elliott,1,7252328338,860546000000000,28/02/1997,27 Carey Center,kelliott8t@springer.com,467401244,87252328338,Kenneth,Dorothy,62
4571015119,William Andrews,1,5788135120,285489000000000,14/01/1997,872 Declaration Way,wandrews8u@biglobe.ne.jp,634502016,85788135120,William,Ashley,62
4571015120,Ryan Alvarez,0,8655395354,429988000000000,12/05/1997,2 Summer Ridge Center,ralvarez8v@delicious.com,937915244,88655395354,Ryan,Emily,62
4571015121,Willie Oliver,0,8503508435,83766100000000,05/07/1998,50 Clemons Drive,woliver8w@biblegateway.com,134688703,88503508435,Willie,Ruth,62
4571015122,Paul Burton,1,8126022165,948086000000000,29/03/1998,9 Barby Drive,pburton8x@ibm.com,446718121,88126022165,Paul,Robin,62
4571015123,Henry Cunningham,1,1773835131,14005700000000,08/09/1997,7 Grasskamp Drive,hcunningham8y@soundcloud.com,231110891,80177383513,Henry,Kathleen,62
4571015124,Anthony Greene,1,2194230148,978961000000000,21/01/1997,9270 Reinke Circle,agreene8z@mashable.com,97745167,82194230148,Anthony,Doris,62
4571015125,Nicholas Jordan,0,6613879443,347969000000000,19/10/1997,09 Loomis Pass,njordan90@walmart.com,839313963,86613879443,Nicholas,Kathy,62
4571015126,Steve Morris,1,5442775669,973377000000000,25/10/1996,70 Pankratz Court,smorris91@prweb.com,752071706,85442775669,Steve,Rebecca,62
4571015127,Ralph Medina,0,7098673204,603527000000000,23/04/1998,8 Old Gate Pass,rmedina92@unc.edu,717548175,80709867320,Ralph,Jacqueline,62
4571015128,Patrick Gray,0,1535654681,840291000000000,28/07/1998,8914 Clyde Gallagher Hill,pgray93@miibeian.gov.cn,217531000,81535654681,Patrick,Ruth,62
4571015129,Christopher Fowler,0,5853328769,395701000000000,12/12/1996,971 Warbler Drive,cfowler94@hhs.gov,500786491,85853328769,Christopher,Ruth,62
4571015130,Martin Gomez,0,6463210587,558802000000000,16/05/1997,39879 Sheridan Park,mgomez95@blogtalkradio.com,480899799,86463210587,Martin,Tammy,62
4571015131,Sean Banks,0,3734620122,633836000000000,06/01/1998,9086 Tony Way,sbanks96@apple.com,960638036,80037346201,Sean,Julie,62
4571015132,Dennis Russell,1,1653495343,926071000000000,02/10/1998,6 Toban Street,drussell97@webs.com,942044369,81653495343,Dennis,Carol,62
4571015133,Jerry Alvarez,0,7709154007,306854000000000,20/12/1997,38895 Stuart Crossing,jalvarez98@discuz.net,189118635,87709154007,Jerry,Amanda,62
4571015134,Charles Willis,0,1237733391,605992000000000,18/02/1998,8893 Welch Point,cwillis99@so0net.ne.jp,91082268,81237733391,Charles,Lisa,62
4571015135,Martin Torres,1,5888024433,25688100000000,06/01/1998,781 International Circle,mtorres9a@youtube.com,977893056,85888024433,Martin,Marie,62
4571015136,Charles Baker,1,6766148165,610988000000000,26/07/1997,3 Gina Terrace,cbaker9b@jalbum.net,397743583,86766148165,Charles,Diana,62
4571015137,Stephen Schmidt,1,9687191676,691427000000000,05/07/1998,796 Dahle Alley,sschmidt9c@jigsy.com,336104742,89687191676,Stephen,Shirley,62
4571015138,James Harris,1,3712794718,119996000000000,11/11/1997,589 Melby Junction,jharris9d@canalblog.com,715722703,83712794718,James,Alice,62
4571015139,Raymond Harvey,1,2488162048,455037000000000,15/03/1998,50828 Wayridge Alley,rharvey9e@ebay.co.uk,609896402,82488162048,Raymond,Marie,62
4571015140,Stephen Thompson,0,5944499453,65408800000000,12/10/1997,967 Dryden Crossing,sthompson9f@sogou.com,903224774,85944499453,Stephen,Michelle,62
4571015141,Dennis Hayes,0,2174319073,204542000000,14/10/1997,3872 Springview Court,dhayes9g@angelfire.com,531334352,82174319073,Dennis,Joan,62
4571015142,Carl Harvey,0,8426987748,628853000000000,16/09/1997,469 7th Crossing,charvey9h@aol.com,169884145,88426987748,Carl,Virginia,62
4571015143,Larry Murray,1,7832193744,5584440000000,09/04/1998,3 Chinook Point,lmurray9i@smugmug.com,730277702,87832193744,Larry,Margaret,62
4571015144,Jerry Meyer,0,4351328090,155429000000000,10/01/1997,1 Park Meadow Circle,jmeyer9j@flavors.me,8645015,84351328090,Jerry,Anne,62
4571015145,Philip Romero,1,3494439853,755918000000000,07/08/1998,6 Almo Way,promero9k@nydailynews.com,732791140,83494439853,Philip,Lisa,62
4571015146,Phillip Sanchez,0,8123898510,587549000000000,24/06/1997,4 Golf Center,psanchez9l@dion.ne.jp,331583051,88123898510,Phillip,Teresa,62
4571015147,Frank Hall,1,6181877282,959897000000000,09/02/1997,8 Susan Circle,fhall9m@msu.edu,25104064,86181877282,Frank,Teresa,62
4571015148,Frank Anderson,1,3669651380,602391000000000,04/04/1998,2 Norway Maple Court,fanderson9n@irs.gov,895622217,83669651380,Frank,Jane,62
4571015149,Ernest Hill,0,7616031043,206177000000000,27/09/1998,4705 La Follette Pass,ehill9o@mashable.com,478600213,87616031043,Ernest,Mary,62
4571015150,Jeremy Cunningham,0,1589545744,553313000000000,16/05/1998,116 Fieldstone Alley,jcunningham9p@angelfire.com,924154066,81589545744,Jeremy,Janet,62
4571015151,Russell Washington,0,6775268891,94931400000000,19/02/1998,05912 Fairview Lane,rwashington9q@wufoo.com,813310589,86775268891,Russell,Heather,62
4571015152,Justin Elliott,0,9805029602,282399000000000,07/01/1997,073 Bunker Hill Center,jelliott9r@amazon.com,389843996,89805029602,Justin,Jean,62
4571015153,Aaron Alexander,1,2926736052,716091000000000,16/01/1998,13 Burrows Point,aalexander9s@narod.ru,977252328,82926736052,Aaron,Denise,62
4571015154,Joe Gomez,0,1711532668,42605200000000,22/09/1997,1 Stoughton Point,jgomez9t@blinklist.com,338578813,81711532668,Joe,Nancy,62
4571015155,Keith Gonzalez,1,1586946628,297375000000000,25/08/1997,6 Maywood Park,kgonzalez9u@miitbeian.gov.cn,512086553,81586946628,Keith,Annie,62
4571015156,Raymond Shaw,0,8168789790,761243000000000,28/08/1998,11 Welch Lane,rshaw9v@google.cn,953548503,88168789790,Raymond,Martha,62
4571015157,Randy Gibson,1,5826971751,962549000000000,02/01/1998,58084 Susan Place,rgibson9w@yahoo.com,508435812,85826971751,Randy,Wanda,62
4571015158,Gregory Harper,0,6449961556,968522000000000,20/01/1997,5 Ridge Oak Junction,gharper9x@baidu.com,602216501,86449961556,Gregory,Margaret,62
4571015159,John Sullivan,1,7507956854,695063000000000,15/11/1996,8883 Judy Hill,jsullivan9y@sbwire.com,773835132,80750795685,John,Sandra,62
4571015160,Larry Taylor,1,3707523049,103550000000000,20/04/1998,55 Badeau Plaza,ltaylor9z@pagesperso0orange.fr,194230148,83707523049,Larry,Margaret,62
4571015161,Arthur Allen,0,8580097744,925140000000000,08/05/1998,74 Arkansas Circle,aallena0@yellowbook.com,661387944,88580097744,Arthur,Annie,62
4571015162,Louis Castillo,0,7592322319,564245000000000,13/04/1997,133 Veith Drive,lcastilloa1@seesaa.net,354427756,87592322319,Louis,Marilyn,62
4571015163,Ernest Thompson,0,7304378088,373098000000000,31/03/1998,6916 Swallow Pass,ethompsona2@google.co.jp,690709867,87304378088,Ernest,Julie,62
4571015164,Randy Snyder,0,1274919362,60199400000000,02/04/1997,86677 Nobel Circle,rsnydera3@homestead.com,320153565,81274919362,Randy,Brenda,62
4571015165,Joe Weaver,0,7200535777,910269000000000,28/03/1997,42789 3rd Hill,jweavera4@g.co,468158533,80720053577,Joe,Ashley,62
4571015166,Russell Howard,0,4433864459,513984000000000,25/11/1996,1 Village Terrace,rhowarda5@1688.com,287696463,84433864459,Russell,Janice,62
4571015167,Shawn Knight,0,2442425323,509581000000000,26/02/1998,0 Grover Avenue,sknighta6@amazon.com,210587003,82442425323,Shawn,Kimberly,62
4571015168,Andrew Wells,0,4023720776,851351000000000,07/10/1998,4 Tennessee Avenue,awellsa7@nsw.gov.au,734620116,84023720776,Andrew,Tina,62
4571015169,Juan Bowman,1,1756790857,866610000000000,09/07/1998,20709 Basil Court,jbowmana8@macromedia.com,534953437,81756790857,Juan,Theresa,62
4571015170,Eugene Washington,1,4256588285,622862000000000,26/08/1997,344 Prentice Street,ewashingtona9@theguardian.com,709154007,84256588285,Eugene,Beverly,62
4571015171,Charles Griffin,0,2767335694,130320000000000,15/12/1997,00 Melvin Street,cgriffinaa@washington.edu,123773339,82767335694,Charles,Rose,62
4571015172,Victor Lawson,0,4596929561,608689000000000,18/08/1998,7484 Eastwood Terrace,vlawsonab@bizjournals.com,158880244,84596929561,Victor,Virginia,62
4571015173,Fred Murray,1,7837269100,723732000000000,20/10/1997,75 Scoville Point,fmurrayac@vistaprint.com,336766148,87837269100,Fred,Angela,62
4571015174,Joseph Spencer,1,4563646763,847213000000000,21/06/1997,92872 Carioca Court,jspencerad@goo.gl,165968719,84563646763,Joseph,Kathy,62
4571015175,Anthony Gilbert,1,9147500558,211351000000000,22/03/1998,3 Vera Junction,agilbertae@accuweather.com,167637127,89147500558,Anthony,Katherine,62
4571015176,Patrick Gilbert,0,8698156060,553089000000000,20/09/1997,93818 Meadow Valley Plaza,pgilbertaf@irs.gov,947182488,88698156060,Patrick,Janet,62
4571015177,Jonathan Morris,1,4786403410,115379000000000,29/06/1998,79844 Donald Crossing,jmorrisag@youtu.be,162048594,84786403410,Jonathan,Pamela,62
4571015178,Frank Morrison,0,4361056861,271126000000000,19/08/1997,8 Stoughton Way,fmorrisonah@miitbeian.gov.cn,449945321,80436105686,Frank,Nicole,62
4571015179,Gerald Perry,0,7678945102,972197000000000,11/02/1998,2 Grayhawk Plaza,gperryai@macromedia.com,743190738,87678945102,Gerald,Bonnie,62
4571015180,Matthew Reid,1,8670774622,835736000000000,26/11/1997,57853 Carpenter Park,mreidaj@google.co.uk,426987748,88670774622,Matthew,Betty,62
4571015181,Andrew Arnold,1,9656406962,615692000000000,21/07/1997,141 Judy Way,aarnoldak@nasa.gov,783219374,89656406962,Andrew,Tina,62
4571015182,Benjamin Hughes,1,9126470824,617315000000000,21/06/1997,409 Starling Court,bhughesal@hibu.com,443513280,89126470824,Benjamin,Angela,62
4571015183,Andrew Lee,1,1003617980,267379000000000,09/09/1997,70 Marquette Crossing,aleeam@meetup.com,903494439,81003617980,Andrew,Janet,62
4571015184,Gary Ramirez,1,2989747753,196799000000000,07/04/1998,7406 Sutteridge Hill,gramirezan@engadget.com,853812389,82989747753,Gary,Joyce,62
4571015185,Sean Freeman,1,9129611498,712664000000000,08/11/1997,99 Dottie Drive,sfreemanao@imageshack.us,851061818,89129611498,Sean,Emily,62
4571015186,Joseph Stewart,1,6974825825,323293000000000,03/06/1997,799 Kedzie Crossing,jstewartap@oakley.com,772823669,86974825825,Joseph,Ruth,62
4571015187,Jeremy Henderson,1,6193713206,253190000000000,30/06/1998,13 Sloan Pass,jhendersonaq@bandcamp.com,651380761,86193713206,Jeremy,Alice,62
4571015188,Bobby Williams,1,8993911348,544148000000000,25/11/1996,0557 Nobel Point,bwilliamsar@amazonaws.com,603104315,88993911348,Bobby,Janice,62
4571015189,Patrick Boyd,0,2491439495,311860000000000,05/04/1998,5247 Lakeland Place,pboydas@reference.com,895457446,82491439495,Patrick,Shirley,62
4571015190,Antonio Lopez,1,2167251807,43069600000000,01/06/1997,9 Warbler Junction,alopezat@stanford.edu,775268891,82167251807,Antonio,Susan,62
4571015191,Benjamin Price,1,5742918448,564226000000000,08/04/1998,7 2nd Center,bpriceau@fema.gov,980502960,85742918448,Benjamin,Irene,62
4571015192,Steven Davis,0,1284673158,437093000000000,14/08/1998,1 Hudson Terrace,sdavisav@furl.net,229267360,81284673158,Steven,Margaret,62
4571015193,Patrick Fields,0,5426646140,272204000000000,19/09/1997,42132 Kingsford Parkway,pfieldsaw@dot.gov,521711532,85426646140,Patrick,Ashley,62
4571015194,Michael Ward,1,4667581151,926904000000000,01/09/1998,6535 Esker Drive,mwardax@feedburner.com,668158694,84667581151,Michael,Ruby,62
4571015195,Fred Williams,1,1907634457,420788000000000,10/11/1996,40180 Green Ridge Park,fwilliamsay@forbes.com,662881687,81907634457,Fred,Heather,62
4571015196,William Jordan,0,2656296532,515824000000000,20/09/1998,9986 Aberg Road,wjordanaz@chronoengine.com,897905826,82656296532,William,Denise,62
4571015197,Roy Peters,0,1634905650,799244000000000,24/10/1997,543 Alpine Lane,rpetersb0@wp.com,971751644,81634905650,Roy,Lisa,62
4571015198,Brian Meyer,1,6533266062,128298000000000,30/09/1997,36293 Shoshone Center,bmeyerb1@xrea.com,996155607,86533266062,Brian,Pamela,62
4571015199,Roy Dunn,1,5205610444,100619000000000,10/12/1996,2761 Nancy Pass,rdunnb2@delicious.com,507956853,80052056104,Roy,Julia,62
4571015200,Jerry Harrison,0,9402664072,603450000000000,25/05/1998,475 Brickson Park Avenue,jharrisonb3@google.cn,707523049,89402664072,Jerry,Janice,62
4602016001,Richard Carpenter,1,6685100213,314312000000000,11/12/1997,98044 School Parkway,rcarpenterb4@hatena.ne.jp,858009774,86685100213,Richard,Bonnie,62
4602016002,Paul Scott,0,8435087053,157329000000000,10/08/1998,71 Oak Valley Point,pscottb5@altervista.org,475923223,88435087053,Paul,Laura,62
4602016003,Jimmy Walker,0,5630299379,984621000000000,28/04/1997,084 Oak Junction,jwalkerb6@jimdo.com,197304378,85630299379,Jimmy,Jane,62
4602016004,Russell Payne,0,3930251183,94206600000000,18/01/1998,2 Karstens Parkway,rpayneb7@arstechnica.com,88127491,83930251183,Russell,Christina,62
4602016005,Harold Martinez,0,3746719461,974417000000000,18/12/1996,0 Pine View Crossing,hmartinezb8@ed.gov,936207200,83746719461,Harold,Teresa,62
4602016006,Bobby Cole,0,2825778420,398940000000000,22/06/1997,4556 Cherokee Street,bcoleb9@creativecommons.org,535774433,82825778420,Bobby,Deborah,62
4602016007,Russell Robinson,0,6505607244,41038300000000,16/08/1998,09 New Castle Lane,rrobinsonba@bluehost.com,864459244,86505607244,Russell,Bonnie,62
4602016008,Frank Robinson,1,4050662631,296643000000000,18/08/1998,05 Little Fleur Parkway,frobinsonbb@businessinsider.com,242532340,84050662631,Frank,Teresa,62
4602016009,Martin Morris,1,7555489981,25784200000000,06/08/1998,648 Green Ridge Road,mmorrisbc@seattletimes.com,237207761,87555489981,Martin,Marie,62
4602016010,Fred Lee,0,2779218297,260925000000000,03/06/1998,25 Westridge Alley,fleebd@berkeley.edu,756790857,82779218297,Fred,Beverly,62
4602016011,Nicholas Armstrong,0,9900642535,971643000000000,07/02/1998,23824 Maple Trail,narmstrongbe@reference.com,425658828,89900642535,Nicholas,Kathy,62
4602016012,Jesse Anderson,0,1978491987,399244000000000,22/04/1997,9160 Steensland Lane,jandersonbf@businesswire.com,527673356,81978491987,Jesse,Lillian,62
4602016013,Bruce Evans,1,9695647448,266914000000000,23/08/1998,1 Talisman Terrace,bevansbg@sciencedaily.com,944596929,89695647448,Bruce,Sara,62
4602016014,Jason Bradley,0,6514988734,464664000000000,04/04/1997,95 Nova Way,jbradleybh@parallels.com,561783726,86514988734,Jason,Dorothy,62
4602016015,Donald Austin,0,5775133796,811158000000000,08/06/1997,71 Schiller Plaza,daustinbi@kickstarter.com,910045636,85775133796,Donald,Catherine,62
4602016016,Victor Ray,0,5340249804,747076000000000,05/03/1998,2083 1st Plaza,vraybj@salon.com,467639147,85340249804,Victor,Alice,62
4602016017,Peter Thomas,1,2615610504,700713000000000,26/05/1998,0751 Talmadge Court,pthomasbk@mozilla.com,500558869,82615610504,Peter,Susan,62
4602016018,Brandon Smith,1,8708172801,331023000000000,20/04/1997,14 Towne Plaza,bsmithbl@so0net.ne.jp,815606047,88708172801,Brandon,Lillian,62
4602016019,Jeremy Ramirez,1,1910323228,488884000000000,25/07/1997,1 Hooker Hill,jramirezbm@youku.com,864034100,81910323228,Jeremy,Sharon,62
4602016020,Thomas Sullivan,0,1875626474,194624000000000,17/12/1997,3 Elka Crossing,tsullivanbn@godaddy.com,436105686,81875626474,Thomas,Nicole,62
4602016021,Jose Gibson,0,3705437380,712391000000000,06/06/1997,163 Heath Park,jgibsonbo@bloomberg.com,767894510,83705437380,Jose,Joyce,62
4602016022,Roger Sullivan,0,5682681266,514058000000000,03/08/1998,837 Stuart Park,rsullivanbp@qq.com,286707746,85682681266,Roger,Nicole,62
4602016023,Philip Johnston,1,2430205105,880743000000000,18/03/1997,3915 Dryden Terrace,pjohnstonbq@irs.gov,229656406,82430205105,Philip,Robin,62
4602016024,Daniel Berry,1,8013828457,779256000000000,21/05/1997,5983 Walton Road,dberrybr@nih.gov,962912647,88013828457,Daniel,Irene,62
4602016025,Clarence Cunningham,0,2389162213,366863000000000,01/01/1998,09022 Derek Way,ccunninghambs@hibu.com,82410036,82389162213,Clarence,Angela,62
4602016026,James Harris,0,8566893576,674763000000000,02/04/1998,317 Atwood Crossing,jharrisbt@si.edu,179802989,88566893576,James,Denise,62
4602016027,Walter Moore,0,9577002593,836069000000000,06/02/1998,347 Tennyson Crossing,wmoorebu@blogger.com,747753912,89577002593,Walter,Cynthia,62
4602016028,Earl Cole,0,3761525952,630753000000000,31/07/1997,4 Quincy Way,ecolebv@instagram.com,961149869,80376152595,Earl,Christina,62
4602016029,Timothy Shaw,1,3553668521,838711000000000,08/06/1997,24171 Cardinal Plaza,tshawbw@techcrunch.com,748258256,83553668521,Timothy,Sarah,62
4602016030,Timothy Ryan,0,2689625881,516991000000000,15/08/1998,93 Heath Alley,tryanbx@360.cn,193713206,80268962588,Timothy,Melissa,62
4602016031,Scott Hicks,0,6616712524,289501000000000,21/06/1997,0 Aberg Parkway,shicksby@stumbleupon.com,899391134,86616712524,Scott,Andrea,62
4602016032,Willie Rice,0,9270049081,342540000000000,17/04/1997,92 Darwin Alley,wricebz@qq.com,824914394,89270049081,Willie,Elizabeth,62
4602016033,Todd Collins,1,1735695022,193206000000000,12/04/1997,62613 Union Road,tcollinsc0@dedecms.com,952167251,80017356950,Todd,Kathy,62
4602016034,Scott Austin,0,6623675256,552983000000000,31/12/1996,7 Red Cloud Hill,saustinc1@fda.gov,807574291,86623675256,Scott,Betty,62
4602016035,Matthew Rivera,1,6678645580,436114000000000,13/09/1997,05379 South Trail,mriverac2@yahoo.com,844812846,86678645580,Matthew,Emily,62
4602016036,Jeremy Freeman,1,4422865094,520741000000000,14/11/1996,53 Michigan Hill,jfreemanc3@icio.us,731585426,80442286509,Jeremy,Debra,62
4602016037,Keith Larson,1,9938715199,831787000000000,18/11/1996,70011 Novick Plaza,klarsonc4@comcast.net,646140466,89938715199,Keith,Christine,62
4602016038,Philip Reynolds,1,8523107388,951740000000000,17/12/1996,5 Erie Avenue,preynoldsc5@bing.com,758115119,88523107388,Philip,Ann,62
4602016039,Roger Daniels,0,5969311912,342647000000000,10/04/1998,24 Carberry Trail,rdanielsc6@paginegialle.it,76344572,85969311912,Roger,Julie,62
4602016040,Victor Reyes,0,4680895046,406242000000000,04/03/1997,812 Schlimgen Alley,vreyesc7@networksolutions.com,656296532,84680895046,Victor,Diane,62
4602016041,Steve Davis,1,8673317313,725131000000000,09/07/1997,6348 Randy Circle,sdavisc8@answers.com,163490565,88673317313,Steve,Donna,62
4602016042,Gerald Murray,0,4277336553,28331300000000,29/07/1998,50679 Westridge Point,gmurrayc9@vistaprint.com,65332660,84277336553,Gerald,Melissa,62
4602016043,Gary Gilbert,1,6095633299,473432000000000,21/04/1997,6219 Loomis Center,ggilbertca@businessinsider.com,620052056,86095633299,Gary,Susan,62
4602016044,Walter Torres,1,6355147179,136108000000000,23/09/1997,4 Starling Lane,wtorrescb@a8.net,104940266,86355147179,Walter,Rebecca,62
4602016045,Jeffrey Williamson,0,9652237097,249222000000000,02/10/1997,62076 Petterle Circle,jwilliamsoncc@pcworld.com,407266851,89652237097,Jeffrey,Louise,62
4602016046,Andrew Edwards,1,6956993581,131653000000000,27/05/1998,85249 Del Mar Junction,aedwardscd@ycombinator.com,2138435,86956993581,Andrew,Nancy,62
4602016047,Michael Rodriguez,1,8961845346,937639000000000,10/04/1998,90 School Crossing,mrodriguezce@360.cn,87053563,88961845346,Michael,Deborah,62
4602016048,Matthew Weaver,1,4152175483,884839000000000,06/08/1997,25105 Ryan Junction,mweavercf@hostgator.com,29937939,84152175483,Matthew,Tina,62
4602016049,James Stewart,0,8523132000,462455000000000,30/03/1997,30 Melvin Junction,jstewartcg@instagram.com,302511833,88523132000,James,Stephanie,62
4602016050,Gary Jordan,0,8528871086,306234000000000,17/04/1997,0 Packers Street,gjordanch@canalblog.com,746719461,88528871086,Gary,Kathryn,62
4602016051,Juan Richards,1,3222708474,793416000000000,18/12/1997,51299 Butternut Road,jrichardsci@hp.com,282577842,83222708474,Juan,Kelly,62
4602016052,Brian Roberts,1,3444605537,363715000000000,16/03/1997,776 Longview Parkway,brobertscj@apache.org,65056072,83444605537,Brian,Nancy,62
4602016053,Todd Marshall,1,2190888091,343119000000000,27/01/1998,7029 Arapahoe Parkway,tmarshallck@newyorker.com,444050662,82190888091,Todd,Andrea,62
4602016054,Kenneth Allen,1,6786598054,347002000000000,01/03/1998,84874 Trailsway Hill,kallencl@icio.us,631755548,86786598054,Kenneth,Rose,62
4602016055,Todd Black,1,6764018849,928346000000000,03/03/1998,81 Delaware Center,tblackcm@goodreads.com,998127792,86764018849,Todd,Laura,62
4602016056,George Myers,1,4640929124,187676000000000,23/03/1997,8627 Sachtjen Trail,gmyerscn@prweb.com,182979900,84640929124,George,Betty,62
4602016057,Victor Ferguson,1,3997766793,811745000000000,06/06/1997,2 Dawn Crossing,vfergusonco@mtv.com,642535197,83997766793,Victor,Paula,62
4602016058,Henry Ferguson,0,9454698682,56492600000000,16/11/1997,0 Prentice Place,hfergusoncp@vkontakte.ru,849198796,89454698682,Henry,Kelly,62
4602016059,Matthew Rivera,1,6758682435,194936000000000,18/05/1998,5 Shasta Terrace,mriveracq@blog.com,956474486,86758682435,Matthew,Frances,62
4602016060,Jeremy Miller,0,6626492429,46829700000000,25/07/1997,59 Marcy Pass,jmillercr@addthis.com,514988734,86626492429,Jeremy,Marie,62
4602016061,Robert Price,1,6622565295,530054000000000,13/11/1996,03778 Maywood Street,rpricecs@hc360.com,577513379,86622565295,Robert,Kelly,62
4602016062,Gary Carter,1,7443492133,804166000000000,28/02/1998,6821 Ridge Oak Center,gcarterct@typepad.com,653402498,87443492133,Gary,Martha,62
4602016063,Christopher Hayes,0,7330545128,112136000000000,07/06/1997,42 Eliot Drive,chayescu@purevolume.com,42615610,87330545128,Christopher,Michelle,62
4602016064,Ralph Owens,1,5601892738,226793000000000,04/01/1997,068 Ridge Oak Drive,rowenscv@wiley.com,504870817,85601892738,Ralph,Robin,62
4602016065,Donald Franklin,0,4267630293,59812400000000,16/12/1997,78935 Banding Lane,dfranklincw@independent.co.uk,280119103,84267630293,Donald,Joyce,62
4602016066,Joseph Pierce,1,9922294948,653975000000000,01/04/1997,24929 Rusk Crossing,jpiercecx@ihg.com,232281875,89922294948,Joseph,Pamela,62
4602016067,Anthony Brooks,0,4634283378,38094900000000,20/03/1998,46595 American Ash Point,abrookscy@vimeo.com,626474370,84634283378,Anthony,Denise,62
4602016068,Lawrence Larson,1,3759149176,739705000000000,16/06/1998,8 Anzinger Road,llarsoncz@oaic.gov.au,543738056,83759149176,Lawrence,Amanda,62
4602016069,Benjamin Jenkins,0,2522861559,521777000000000,08/06/1998,1 Scott Center,bjenkinsd0@prnewswire.com,826812662,82522861559,Benjamin,Betty,62
4602016070,Richard Hernandez,1,6268906406,502397000000000,29/03/1997,5619 Mccormick Parkway,rhernandezd1@pagesperso0orange.fr,430205105,86268906406,Richard,Diane,62
4602016071,Timothy Ray,0,6354188447,548750000000000,24/11/1997,79089 Oriole Center,trayd2@usda.gov,801382845,86354188447,Timothy,Tina,62
4602016072,Steven Woods,0,3243251249,167305000000000,05/08/1998,63776 Pepper Wood Trail,swoodsd3@accuweather.com,723891622,83243251249,Steven,Ashley,62
4602016073,Douglas Thompson,0,5068541919,367454000000000,05/10/1998,1 Buena Vista Pass,dthompsond4@seattletimes.com,138566893,85068541919,Douglas,Sara,62
4602016074,Ronald Fox,0,2322291750,931709000000000,15/04/1998,1 Schmedeman Hill,rfoxd5@skyrock.com,576957700,82322291750,Ronald,Ann,62
4602016075,Daniel Brooks,1,9989801806,9786520000000,17/05/1998,8 Dahle Junction,dbrooksd6@apache.org,259303761,89989801806,Daniel,Sara,62
4602016076,Benjamin Powell,0,8455086054,50936600000000,15/12/1996,3967 Springview Drive,bpowelld7@tmall.com,525953553,88455086054,Benjamin,Jessica,62
4602016077,Billy Hayes,0,6293256357,594750000000000,17/02/1997,70 Moland Junction,bhayesd8@pcworld.com,668521026,86293256357,Billy,Joan,62
4602016078,Roy Frazier,1,2854892868,37795900000000,18/11/1997,03797 Eagan Circle,rfrazierd9@jiathis.com,896258866,82854892868,Roy,Anna,62
4602016079,Scott Bowman,0,8859942998,179859000000000,09/05/1997,61981 Kim Avenue,sbowmanda@oaic.gov.au,167125249,88859942998,Scott,Theresa,62
4602016080,Thomas Roberts,0,7831306634,493401000000000,23/02/1998,6913 North Lane,trobertsdb@amazon.co.jp,270049081,87831306634,Thomas,Jean,62
4602016081,Albert Nichols,1,8376605202,10453600000000,12/12/1996,09920 Eagan Place,anicholsdc@clickbank.net,1735695,80837660520,Albert,Lois,62
4602016082,Samuel Howell,1,7368794808,12575200000000,11/09/1998,061 Rieder Street,showelldd@instagram.com,66236752,87368794808,Samuel,Heather,62
4602016083,Timothy Bailey,0,5724292015,875755000000000,04/10/1998,383 Acker Way,tbaileyde@yandex.ru,566678645,85724292015,Timothy,Anna,62
4602016084,Bruce Cook,1,1400574771,124790000000000,17/11/1996,5 Quincy Way,bcookdf@psu.edu,580044228,80140057477,Bruce,Phyllis,62
4602016085,George Montgomery,1,5283597896,785157000000000,02/08/1998,57 Forest Run Crossing,gmontgomerydg@pcworld.com,650999387,85283597896,George,Sharon,62
4602016086,Michael Simpson,1,9019160141,504088000000000,15/12/1997,3 Washington Road,msimpsondh@usatoday.com,151998523,80901916014,Michael,Gloria,62
4602016087,Carlos Simpson,0,3479690755,43268800000000,01/05/1997,0 Oakridge Alley,csimpsondi@cam.ac.uk,107388596,83479690755,Carlos,Julie,62
4602016088,Joe Bowman,1,4942097337,156819000000000,07/08/1998,7 Reindahl Road,jbowmandj@comsenz.com,931191246,84942097337,Joe,Joan,62
4602016089,Ryan Fowler,1,7053126424,800460000000000,20/12/1996,51074 Merchant Way,rfowlerdk@chicagotribune.com,808950468,87053126424,Ryan,Lois,62
4602016090,Arthur Rice,0,6035271149,809897000000000,07/05/1997,9050 Shelley Lane,aricedl@hatena.ne.jp,673317313,86035271149,Arthur,Robin,62
4602016091,Earl Armstrong,0,6598784029,730251000000000,11/05/1997,81696 Lakewood Drive,earmstrongdm@purevolume.com,427733655,86598784029,Earl,Ashley,62
4602016092,Keith Bryant,0,5826296984,151297000000000,17/08/1997,79 Killdeer Alley,kbryantdn@unicef.org,360956332,80582629698,Keith,Norma,62
4602016093,Howard Crawford,0,3957012076,332482000000000,15/09/1997,616 Glendale Avenue,hcrawforddo@google.com,996355147,83957012076,Howard,Donna,62
4602016094,Henry Crawford,1,5632855880,817913000000000,07/04/1997,07 Larry Lane,hcrawforddp@macromedia.com,179965223,85632855880,Henry,Janice,62
4602016095,Ryan Gibson,0,1945677183,325483000000000,01/12/1996,7994 Stoughton Junction,rgibsondq@cocolog0nifty.com,709769569,81945677183,Ryan,Kathy,62
4602016096,Alan Taylor,1,6338359611,987601000000000,24/09/1998,86 Beilfuss Avenue,ataylordr@163.com,935818961,86338359611,Alan,Elizabeth,62
4602016097,Joe Ellis,0,9439192607,653395000000000,14/12/1997,69216 Kedzie Lane,jellisds@nhs.uk,845346415,89439192607,Joe,Cheryl,62
4602016098,Steven Chavez,1,9387308682,750901000000000,26/08/1997,47 Northwestern Street,schavezdt@npr.org,217548385,80938730868,Steven,Patricia,62
4602016099,Patrick Walker,0,3068539860,951108000000000,25/03/1997,269 Larry Circle,pwalkerdu@usa.gov,231320008,83068539860,Patrick,Diana,62
4602016100,Russell Boyd,0,5638960599,341802000000000,21/08/1997,178 Swallow Circle,rboyddv@china.com.cn,528871086,85638960599,Russell,Robin,62
4602016101,Steve Jacobs,0,1754884117,145409000000000,06/08/1997,1673 Sachtjen Circle,sjacobsdw@fotki.com,322270847,81754884117,Steve,Diana,62
4602016102,Mark Castillo,1,2568805344,977912000000000,02/08/1997,938 Village Pass,mcastillodx@topsy.com,434446055,80256880534,Mark,Jennifer,62
4602016103,Anthony Hanson,0,3756061098,476875000000000,11/04/1997,7 Randy Point,ahansondy@amazon.com,372190888,83756061098,Anthony,Denise,62
4602016104,Stephen Holmes,0,7953711731,134849000000000,29/10/1997,90675 Kensington Pass,sholmesdz@yandex.ru,91678659,87953711731,Stephen,Robin,62
4602016105,Joseph Johnston,0,6914270864,20501100000000,02/06/1998,0263 Tennyson Crossing,jjohnstone0@nasa.gov,805467640,86914270864,Joseph,Susan,62
4602016106,Brandon Peters,0,9701311999,429857000000000,13/08/1997,35 Farwell Circle,bpeterse1@technorati.com,188494640,89701311999,Brandon,Judith,62
4602016107,Eric Adams,0,5935614395,146292000000000,29/06/1998,919 Chinook Alley,eadamse2@accuweather.com,929124399,85935614395,Eric,Lillian,62
4602016108,Larry Perez,0,4550372243,33731500000000,29/10/1997,38581 Harbort Center,lpereze3@census.gov,776679394,84550372243,Larry,Irene,62
4602016109,Jeffrey Payne,0,5803065402,80821100000000,04/01/1997,20371 Bultman Lane,jpaynee4@skype.com,546986826,80580306540,Jeffrey,Mary,62
4602016110,Lawrence Gray,0,8848177809,580858000000000,27/08/1997,81 Ohio Trail,lgraye5@cnet.com,758682435,88848177809,Lawrence,Janice,62
4602016111,Edward Harper,0,3332045421,54276800000000,05/06/1998,1 Duke Plaza,eharpere6@surveymonkey.com,662649242,80002045421,Edward,Anna,62
4602016112,Brandon Knight,0,6846662885,793583000000000,26/10/1997,77 Graceland Court,bknighte7@cyberchimps.com,966225652,86846662885,Brandon,Annie,62
4602016113,Martin Williams,0,2769216076,173686000000000,14/03/1998,8189 Westerfield Road,mwilliamse8@blogger.com,957443492,82769216076,Martin,Christina,62
4602016114,Jose Medina,0,5584439611,181388000000000,02/04/1998,2 Onsgard Terrace,jmedinae9@sakura.ne.jp,133733054,80055844396,Jose,Sandra,62
4602016115,Arthur Griffin,0,3684115542,528163000000000,20/04/1997,5 Fairfield Circle,agriffinea@goo.gl,512856018,83684115542,Arthur,Patricia,62
4602016116,Matthew Ruiz,1,9240576044,336538000000000,19/07/1998,3 Michigan Avenue,mruizeb@upenn.edu,927384267,89240576044,Matthew,Norma,62
4602016117,George Anderson,0,7559184465,987443000000000,05/02/1998,50 Scott Street,gandersonec@reverbnation.com,630293992,87559184465,George,Laura,62
4602016118,Louis Rogers,0,1049958754,227484000000000,25/02/1997,08731 Redwing Plaza,lrogersed@dedecms.com,229494846,81049958754,Louis,Cynthia,62
4602016119,Billy Rodriguez,0,8602627315,875717000000000,24/11/1997,8 Lukken Hill,brodriguezee@moonfruit.com,342833783,88602627315,Billy,Heather,62
4602016120,George Watkins,1,9598974084,161560000000000,19/07/1997,10 Jay Road,gwatkinsef@wiley.com,759149176,89598974084,George,Anna,62
4602016121,Nicholas Evans,1,7208860239,288441000000000,20/05/1997,67 Buhler Terrace,nevanseg@furl.net,252286155,87208860239,Nicholas,Doris,62
4602016122,Christopher Barnes,0,1379331256,732089000000000,09/07/1998,76 Veith Parkway,cbarneseh@comsenz.com,962689064,81379331256,Christopher,Doris,62
4602016123,Charles Carpenter,1,2061770561,222043000000000,14/11/1996,48246 Memorial Center,ccarpenterei@hhs.gov,66354188,82061770561,Charles,Doris,62
4602016124,Ralph Morgan,0,2261055331,322652000000000,08/04/1997,1 Alpine Circle,rmorganej@sciencedaily.com,447324325,82261055331,Ralph,Amanda,62
4602016125,Steven Powell,0,2572171228,811000000000000,14/05/1997,64 Walton Parkway,spowellek@bigcartel.com,124950685,82572171228,Steven,Nancy,62
4602016126,Thomas Crawford,0,9493141436,523166000000000,11/04/1997,9454 Lerdahl Road,tcrawfordel@harvard.edu,419192322,80949314143,Thomas,Julie,62
4602016127,Joseph Fox,0,4873282395,260794000000000,26/01/1998,2318 Butterfield Trail,jfoxem@cnbc.com,291750998,80487328239,Joseph,Joyce,62
4602016128,Michael Marshall,0,8508351583,184165000000000,21/12/1997,38051 Summer Ridge Way,mmarshallen@bing.com,980180684,88508351583,Michael,Rose,62
4602016129,Brandon Pierce,1,7160905314,507496000000000,08/02/1998,0 4th Trail,bpierceeo@imageshack.us,550860546,87160905314,Brandon,Ruby,62
4602016130,Jesse West,0,2015904260,702181000000000,18/11/1996,55 Crest Line Junction,jwestep@instagram.com,293256357,82015904260,Jesse,Ruth,62
4602016131,Donald Nichols,1,5242385053,808853000000000,18/09/1997,468 Nobel Trail,dnicholseq@meetup.com,285489286,85242385053,Donald,Donna,62
4602016132,Charles Montgomery,0,2973749888,545188000000000,12/11/1997,572 Birchwood Way,cmontgomeryer@statcounter.com,888599429,82973749888,Charles,Ashley,62
4602016133,John Carpenter,0,9730761245,241742000000000,01/04/1998,1948 Golden Leaf Park,jcarpenteres@blogs.com,987831306,80973076124,John,Dorothy,62
4602016134,Keith Olson,1,2863983510,617725000000000,16/10/1998,46909 Debra Circle,kolsonet@gizmodo.com,634083766,82863983510,Keith,Rachel,62
4602016135,Andrew Burke,0,9625485317,722274000000000,01/04/1997,4 Lerdahl Street,aburkeeu@google.nl,52073687,89625485317,Andrew,Sarah,62
4602016136,Steven Little,0,8046968522,915789000000000,04/12/1996,52340 Eagle Crest Drive,slittleev@sakura.ne.jp,948085724,80804696852,Steven,Doris,62
4602016137,Chris Porter,1,2217859929,219997000000000,18/06/1997,35689 Northport Way,cporterew@diigo.com,292015014,82217859929,Chris,Julie,62
4602016138,Jesse Gordon,0,6950625231,98415100000000,06/06/1997,811 Fieldstone Terrace,jgordonex@vinaora.com,5747752,86950625231,Jesse,Jacqueline,62
4602016139,George Powell,1,6102210355,687170000000000,01/09/1998,22 Quincy Park,gpowelley@wsj.com,835978960,86102210355,George,Louise,62
4602016140,Jeffrey Austin,0,8016449022,558543000000000,13/06/1998,02 Almo Road,jaustinez@macromedia.com,901916014,80080164490,Jeffrey,Bonnie,62
4602016141,Clarence Jackson,1,9251402151,750851000000000,12/01/1998,1006 Cambridge Alley,cjacksonf0@vistaprint.com,347969075,89251402151,Clarence,Evelyn,62
4602016142,Michael Hawkins,1,6308256424,372545000000000,25/09/1997,5 Graceland Circle,mhawkinsf1@creativecommons.org,549420973,86308256424,Michael,Rachel,62
4602016143,Aaron Weaver,0,5211505172,169224000000000,25/08/1997,64 Eastlawn Junction,aweaverf2@seattletimes.com,377053126,85211505172,Aaron,Ruby,62
4602016144,Kevin West,0,3730984495,823712000000000,08/03/1998,9063 Grayhawk Road,kwestf3@fda.gov,424603527,83730984495,Kevin,Marilyn,62
4602016145,Henry Gardner,0,5124060191,796982000000000,31/10/1996,462 Autumn Leaf Hill,hgardnerf4@wikipedia.org,114965987,80512406019,Henry,Kathy,62
4602016146,Frank Day,0,9370560857,164885000000000,28/02/1998,6 Northland Drive,fdayf5@forbes.com,840290582,89370560857,Frank,Donna,62
4602016147,Lawrence Lawson,0,9102690959,895484000000000,08/12/1996,489 Merry Lane,llawsonf6@google.com.br,629698395,89102690959,Lawrence,Martha,62
4602016148,Anthony Morris,1,9114751398,692034000000000,08/03/1997,2 Paget Lane,amorrisf7@uiuc.edu,701207656,89114751398,Anthony,Christina,62
4602016149,Willie Hudson,0,4344017417,987850000000000,27/10/1996,3 Pond Pass,whudsonf8@columbia.edu,328558801,84344017417,Willie,Barbara,62
4602016150,Earl Campbell,0,5095812709,703271000000000,21/11/1997,7 Bay Plaza,ecampbellf9@bandcamp.com,945677183,85095812709,Earl,Deborah,62
4602016151,Earl Carter,0,6788485135,739686000000000,18/12/1997,2 4th Pass,ecarterfa@lycos.com,633835961,86788485135,Earl,Wanda,62
4602016152,Harry Rose,0,1472464814,875998000000000,10/06/1998,105 Colorado Junction,hrosefb@ezinearticles.com,194391926,81472464814,Harry,Ruth,62
4602016153,Wayne Patterson,0,8666097993,652710000000000,09/06/1998,52866 Londonderry Pass,wpattersonfc@joomla.org,70938730,88666097993,Wayne,Tammy,62
4602016154,Donald Mills,1,4140762286,613531000000000,10/11/1997,58031 Gulseth Avenue,dmillsfd@bizjournals.com,868306853,84140762286,Donald,Teresa,62
4602016155,Ronald Allen,1,2389373764,485252000000000,22/09/1997,4 Marcy Pass,rallenfe@ibm.com,986056389,82389373764,Ronald,Anne,62
4602016156,Phillip Murray,0,1303202343,166633000000000,29/09/1997,83 Nova Plaza,pmurrayff@ucoz.com,605991754,81303202343,Phillip,Dorothy,62
4602016157,Joe Kelley,0,7520760868,470456000000000,27/12/1997,0578 Meadow Ridge Place,jkelleyfg@vistaprint.com,884117025,87520760868,Joe,Catherine,62
4602016158,Victor Fields,1,9439330070,652590000000000,29/09/1997,6 Darwin Parkway,vfieldsfh@parallels.com,688053437,89439330070,Victor,Christina,62
4602016159,Walter Lynch,0,7237315918,688260000000000,26/05/1998,86611 Crest Line Park,wlynchfi@nyu.edu,560610987,87237315918,Walter,Jean,62
4602016160,Joshua Cruz,0,1838884721,656534000000000,10/01/1998,7289 Marquette Alley,jcruzfj@ebay.com,953711731,81838884721,Joshua,Rachel,62
4602016161,Lawrence Perry,0,2670834192,373135000000000,06/06/1998,4038 Elmside Pass,lperryfk@wunderground.com,691427086,82670834192,Lawrence,Jennifer,62
4602016162,Ernest Carroll,0,2113511081,750904000000000,21/07/1997,39147 Blue Bill Park Way,ecarrollfl@census.gov,497013119,82113511081,Ernest,Amy,62
4602016163,Louis Fernandez,0,2445055308,11446000000000,10/12/1996,895 Farragut Center,lfernandezfm@linkedin.com,995935614,82445055308,Louis,Carol,62
4602016164,Brian Barnes,1,9072805989,86783400000000,06/04/1998,141 Maple Drive,bbarnesfn@netvibes.com,395455037,89072805989,Brian,Sandra,62
4602016165,Lawrence White,1,1153790744,61139500000000,03/02/1998,98874 Heffernan Parkway,lwhitefo@stumbleupon.com,224305803,81153790744,Lawrence,Susan,62
4602016166,Jonathan Sims,1,7214627112,706015000000000,14/06/1998,723 Di Loreto Pass,jsimsfp@amazon.com,65408848,87214627112,Jonathan,Julie,62
4602016167,Jerry Cunningham,1,5858468585,929386000000000,22/05/1998,6 Forster Center,jcunninghamfq@cnet.com,177809000,85858468585,Jerry,Nancy,62
4602016168,Brandon Duncan,1,9721972352,115040000000000,02/11/1996,6589 Bunker Hill Way,bduncanfr@uol.com.br,204542168,89721972352,Brandon,Anna,62
4602016169,Scott Diaz,1,7965283573,712381000000000,27/11/1997,61202 Merrick Trail,sdiazfs@cnbc.com,466628852,87965283573,Scott,Kelly,62
4602016170,Philip Perez,0,5979103828,372009000000000,12/01/1997,5 Annamark Parkway,pperezft@dyndns.org,769216076,85979103828,Philip,Diane,62
4602016171,Bobby Larson,1,6156918929,934757000000000,07/03/1998,52 Kedzie Lane,blarsonfu@feedburner.com,5584439,86156918929,Bobby,Michelle,62
4602016172,Daniel Franklin,1,8842861731,807717000000000,22/10/1996,79 Moose Lane,dfranklinfv@devhub.com,636841155,88842861731,Daniel,Paula,62
4602016173,Carl Berry,1,4975981552,396291000000000,24/11/1996,38 Dapin Crossing,cberryfw@wix.com,429240576,84975981552,Carl,Andrea,62
4602016174,Martin Marshall,1,2673794724,911222000000000,09/04/1998,701 Butterfield Circle,mmarshallfx@vkontakte.ru,44755918,82673794724,Martin,Doris,62
4602016175,Walter Phillips,1,9374219679,501209000000000,06/11/1996,6090 Jay Way,wphillipsfy@chronoengine.com,446510499,89374219679,Walter,Michelle,62
4602016176,Brian Elliott,1,9462773129,392933000000000,12/11/1996,203 Sutherland Way,belliottfz@mtv.com,587548602,89462773129,Brian,Lois,62
4602016177,Albert Turner,1,7126637422,539579000000000,07/03/1998,1 Clyde Gallagher Avenue,aturnerg0@ning.com,627315959,87126637422,Albert,Ruby,62
4602016178,William West,0,5641532329,985290000000000,25/05/1997,5 Gale Circle,wwestg1@hc360.com,897408472,85641532329,William,Linda,62
4602016179,Albert Daniels,0,2979594290,675639000000000,13/07/1998,9208 John Wall Plaza,adanielsg2@china.com.cn,88602391,82979594290,Albert,Evelyn,62
4602016180,Douglas Wallace,1,2531904759,63887500000000,12/02/1998,0 Forest Run Alley,dwallaceg3@whitehouse.gov,379331256,82531904759,Douglas,Andrea,62
4602016181,Shawn Russell,0,8828544145,487084000000000,30/03/1997,9060 Farmco Road,srussellg4@cloudflare.com,206177056,80882854414,Shawn,Judy,62
4602016182,Phillip Olson,1,7591490607,242764000000000,19/02/1997,62 Ludington Pass,polsong5@va.gov,122610553,87591490607,Phillip,Linda,62
4602016183,Mark Gray,1,3118603168,988216000000000,05/04/1998,0793 Sloan Place,mgrayg6@buzzfeed.com,312572171,83118603168,Mark,Maria,62
4602016184,Adam Parker,1,4152604306,261349000000000,14/02/1997,903 Dottie Pass,aparkerg7@networkadvertising.org,228094931,84152604306,Adam,Donna,62
4602016185,Johnny Morris,0,9563528506,804642000000000,14/01/1998,88 Elgar Road,jmorrisg8@mapy.cz,414304873,89563528506,Johnny,Kathy,62
4602016186,Billy Wright,0,5642255613,217778000000000,29/05/1997,700 Dwight Way,bwrightg9@oracle.com,282398508,85642255613,Billy,Heather,62
4602016187,Jesse Armstrong,0,6030143709,569618000000000,14/02/1997,656 Londonderry Crossing,jarmstrongga@imgur.com,351583716,86030143709,Jesse,Ann,62
4602016188,Eric Lawson,0,2522842858,58431600000000,29/07/1997,20 Hallows Trail,elawsongb@google.nl,90531420,82522842858,Eric,Marie,62
4602016189,Benjamin Gonzalez,0,2722039101,237894000000000,31/05/1998,0 Walton Road,bgonzalezgc@disqus.com,159042605,82722039101,Benjamin,Lois,62
4602016190,Anthony Perez,0,5445992690,983871000000000,23/12/1996,3211 Mallard Parkway,aperezgd@ucoz.com,242385053,85445992690,Anthony,Cheryl,62
4602016191,Jerry Reyes,0,3568895691,577150000000000,24/08/1997,189 Hagan Terrace,jreyesge@drupal.org,297374988,83568895691,Jerry,Linda,62
4602016192,Brandon Robertson,1,4207878183,358011000000000,20/06/1998,31 Logan Place,brobertsongf@wsj.com,809730761,84207878183,Brandon,Jennifer,62
4602016193,Joseph Olson,0,3517251582,608661000000000,13/07/1997,1 Cordelia Junction,jolsongg@webeden.co.uk,242863983,83517251582,Joseph,Emily,62
4602016194,Raymond Collins,0,4081533585,260951000000000,12/03/1997,69 Morningstar Plaza,rcollinsgh@goo.gl,510962548,84081533585,Raymond,Mary,62
4602016195,Fred Kelley,0,7992441692,377353000000000,28/01/1998,61 Eagle Crest Road,fkelleygi@rambler.ru,531708046,87992441692,Fred,Mildred,62
4602016196,John Stone,1,6852012829,481306000000000,12/04/1997,4235 Fremont Avenue,jstonegj@rambler.ru,968522217,86852012829,John,Michelle,62
4602016197,Kevin Cunningham,0,7688785459,483861000000000,22/03/1998,51216 Mandrake Trail,kcunninghamgk@bigcartel.com,859929695,87688785459,Kevin,Mildred,62
4602016198,Steve Morgan,0,1006187171,339930000000000,10/09/1998,5430 Prairieview Crossing,smorgangl@google.co.uk,62523161,81006187171,Steve,Frances,62
4602016199,Adam Armstrong,0,1002222171,360852000000000,11/02/1997,68 Anthes Alley,aarmstronggm@sciencedirect.com,22103550,80779360344,Adam,Karen,62
4602016200,Kathy Freeman,0,9659803864,978152000000000,01/05/1997,4234 Redwing Avenue,whendersongn@is.gd,80164490,89659803864,Kharis,Saraga,62
