20141001,4552014001,1,13514001,4-13-71-28-734-564-0,20141,0
20141002,4552014002,1,13514002,3-14-88-29-390-657-5,20141,0
20141003,4552014003,1,13514003,4-14-56-03-477-413-0,20141,0
20141004,4552014004,1,13514004,3-13-74-85-671-441-8,20141,0
20141005,4552014005,1,13514005,3-14-64-58-427-844-6,20141,0
20141006,4552014006,1,13514006,3-13-09-60-876-480-1,20141,0
20141007,4552014007,1,13514007,4-15-97-15-730-421-3,20141,0
20141008,4552014008,1,13514008,4-15-56-06-216-527-9,20141,0
20141009,4552014009,1,13514009,4-14-20-78-026-480-5,20141,0
20141010,4552014010,1,13514010,4-14-58-94-071-398-7,20141,0
20141011,4552014011,1,13514011,3-14-32-54-559-719-5,20141,0
20141012,4552014012,1,13514012,3-14-63-20-390-294-1,20141,0
20141013,4552014013,1,13514013,3-15-93-06-371-673-5,20141,0
20141014,4552014014,1,13514014,3-13-79-53-945-012-4,20141,0
20141015,4552014015,1,13514015,3-14-04-09-537-332-2,20141,0
20141016,4552014016,1,13514016,3-14-37-69-936-750-3,20141,0
20141017,4552014017,1,13514017,3-13-33-25-806-955-3,20141,0
20141018,4552014018,1,13514018,4-15-87-42-501-973-0,20141,0
20141019,4552014019,1,13514019,3-13-16-10-299-418-7,20141,0
20141020,4552014020,1,13514020,4-15-79-66-500-690-2,20141,0
20141021,4552014021,1,13514021,4-13-34-07-659-773-5,20141,0
20141022,4552014022,1,13514022,4-15-88-08-850-453-9,20141,0
20141023,4552014023,1,13514023,4-15-74-40-772-137-6,20141,0
20141024,4552014024,1,13514024,4-14-32-43-243-937-7,20141,0
20141025,4552014025,1,13514025,3-15-56-64-046-078-5,20141,0
20141026,4552014026,1,13514026,4-15-44-57-891-718-7,20141,0
20141027,4552014027,1,13514027,4-13-83-26-909-293-4,20141,0
20141028,4552014028,1,13514028,3-14-14-46-667-357-5,20141,0
20141029,4552014029,1,13514029,4-13-62-87-613-575-9,20141,0
20141030,4552014030,1,13514030,4-14-29-14-632-918-4,20141,0
20141031,4552014031,1,13514031,4-15-01-20-846-594-3,20141,0
20141032,4552014032,1,13514032,4-13-95-38-736-453-2,20141,0
20141033,4552014033,1,13514033,4-13-79-98-240-624-9,20141,0
20141034,4552014034,1,13514034,4-13-26-47-339-400-7,20141,0
20141035,4552014035,1,13514035,3-14-47-94-304-290-1,20141,0
20141036,4552014036,1,13514036,4-13-27-21-721-501-7,20141,0
20141037,4552014037,1,13514037,3-15-09-53-850-424-3,20141,0
20141038,4552014038,1,13514038,3-13-65-96-898-580-9,20141,0
20141039,4552014039,1,13514039,4-13-60-59-022-771-2,20141,0
20141040,4552014040,1,13514040,3-14-89-27-479-689-2,20141,0
20141041,4552014041,1,13514041,4-15-24-64-155-989-0,20141,0
20141042,4552014042,1,13514042,3-13-58-49-691-311-8,20141,0
20141043,4552014043,1,13514043,3-15-04-46-942-987-9,20141,0
20141044,4552014044,1,13514044,4-14-63-36-474-065-2,20141,0
20141045,4552014045,1,13514045,3-13-27-44-741-657-6,20141,0
20141046,4552014046,1,13514046,3-14-27-14-848-486-4,20141,0
20141047,4552014047,1,13514047,4-15-00-12-883-057-4,20141,0
20141048,4552014048,1,13514048,3-13-38-11-271-478-4,20141,0
20141049,4552014049,1,13514049,3-14-10-53-587-673-9,20141,0
20141050,4552014050,1,13514050,3-13-20-98-458-117-3,20141,0
20141051,4552014051,1,13214001,3-13-99-41-355-876-0,20141,0
20141052,4552014052,1,13214002,4-15-84-88-189-156-6,20141,0
20141053,4552014053,2,13214003,4-14-41-03-408-613-9,20141,0
20141054,4552014054,2,13214004,3-14-24-23-732-572-7,20141,0
20141055,4552014055,2,13214005,4-15-58-02-150-801-2,20141,0
20141056,4552014056,2,13214006,3-15-75-51-007-166-9,20141,0
20141057,4552014057,2,13214007,4-13-66-34-548-718-0,20141,0
20141058,4552014058,2,13214008,3-14-27-69-389-126-7,20141,0
20141059,4552014059,2,13214009,4-14-07-67-856-759-4,20141,0
20141060,4552014060,2,13214010,4-13-38-48-632-937-3,20141,0
20141061,4552014061,2,13214011,3-13-02-16-685-601-6,20141,0
20141062,4552014062,2,13214012,3-15-24-67-669-308-0,20141,0
20141063,4552014063,2,13214013,4-14-01-70-454-626-9,20141,0
20141064,4552014064,2,13214014,4-14-11-90-543-387-6,20141,0
20141065,4552014065,2,13214015,3-15-92-23-298-588-5,20141,0
20141066,4552014066,2,13214016,3-14-47-23-061-928-9,20141,0
20141067,4552014067,2,13214017,4-13-78-41-029-107-7,20141,0
20141068,4552014068,2,13214018,4-15-84-44-848-111-6,20141,0
20141069,4552014069,2,13214019,4-14-26-66-802-920-7,20141,0
20141070,4552014070,2,13214020,3-13-37-69-715-207-0,20141,0
20141071,4552014071,2,13214021,3-13-46-86-401-208-7,20141,0
20141072,4552014072,2,13214022,4-15-04-94-806-576-4,20141,0
20141073,4552014073,2,13214023,4-13-21-24-864-664-9,20141,0
20141074,4552014074,2,13214024,4-14-85-80-551-191-0,20141,0
20141075,4552014075,2,13214025,4-14-18-76-227-677-9,20141,0
20141076,4552014076,2,13214026,3-13-49-55-929-254-8,20141,0
20141077,4552014077,2,13214027,3-15-06-69-233-218-1,20141,0
20141078,4552014078,2,13214028,4-13-53-49-862-544-5,20141,0
20141079,4552014079,2,13214029,4-14-51-02-307-794-5,20141,0
20141080,4552014080,2,13214030,4-14-08-56-192-504-9,20141,0
20141081,4552014081,2,13214031,4-13-28-55-562-751-0,20141,0
20141082,4552014082,2,13214032,4-14-24-79-049-355-7,20141,0
20141083,4552014083,2,13214033,4-13-70-55-536-888-6,20141,0
20141084,4552014084,2,13214034,4-14-72-16-890-665-0,20141,0
20141085,4552014085,2,13214035,3-13-50-70-967-639-6,20141,0
20141086,4552014086,2,13214036,3-13-65-45-155-589-8,20141,0
20141087,4552014087,2,13214037,3-15-04-39-562-384-7,20141,0
20141088,4552014088,2,13214038,3-15-18-67-531-755-8,20141,0
20141089,4552014089,2,13214039,3-14-47-48-130-126-0,20141,0
20141090,4552014090,2,13214040,3-13-20-01-105-528-3,20141,0
20141091,4552014091,2,13214041,3-13-28-23-628-824-4,20141,0
20141092,4552014092,2,13214042,3-13-25-54-470-864-3,20141,0
20141093,4552014093,2,13214043,4-14-79-18-386-082-6,20141,0
20141094,4552014094,2,13214044,4-15-52-33-214-334-3,20141,0
20141095,4552014095,2,13214045,3-14-63-36-376-253-1,20141,0
20141096,4552014096,2,13214046,3-14-94-31-582-892-4,20141,0
20141097,4552014097,2,13214047,4-14-21-10-807-930-9,20141,0
20141098,4552014098,2,13214048,4-14-63-60-729-525-3,20141,0
20141099,4552014099,3,13214049,4-15-25-93-894-288-4,20141,0
20141100,4552014100,3,13214050,4-15-95-50-059-461-9,20141,0
20141101,4552014101,3,15214001,3-14-01-67-664-781-9,20141,0
20141102,4552014102,3,15214002,3-15-38-05-404-356-4,20141,0
20141103,4552014103,3,15214003,3-13-21-16-558-454-5,20141,0
20141104,4552014104,3,15214004,4-13-67-92-854-872-2,20141,0
20141105,4552014105,3,15214005,4-14-12-74-057-884-9,20141,0
20141106,4552014106,3,15214006,3-13-72-21-109-355-5,20141,0
20141107,4552014107,3,15214007,3-15-76-63-630-518-8,20141,0
20141108,4552014108,3,15214008,3-13-01-77-278-186-2,20141,0
20141109,4552014109,3,15214009,3-13-11-58-753-056-6,20141,0
20141110,4552014110,3,15214010,3-15-87-77-302-405-9,20141,0
20141111,4552014111,3,15214011,4-13-11-11-513-513-5,20141,0
20141112,4552014112,3,15214012,3-14-43-77-582-176-6,20141,0
20141113,4552014113,3,15214013,4-15-63-98-696-058-4,20141,0
20141114,4552014114,3,15214014,3-15-71-43-768-573-4,20141,0
20141115,4552014115,3,15214015,3-13-18-81-874-626-8,20141,0
20141116,4552014116,3,15214016,3-15-04-23-819-327-3,20141,0
20141117,4552014117,3,15214017,3-13-46-58-666-133-3,20141,0
20141118,4552014118,3,15214018,4-13-76-70-827-172-0,20141,0
20141119,4552014119,3,15214019,3-14-58-58-846-091-8,20141,0
20141120,4552014120,3,15214020,3-15-93-66-692-491-5,20141,0
20141121,4552014121,3,15214021,3-14-18-66-249-487-2,20141,0
20141122,4552014122,3,15214022,3-15-51-55-946-778-1,20141,0
20141123,4552014123,3,15214023,3-14-41-55-250-152-5,20141,0
20141124,4552014124,3,15214024,3-14-63-09-695-362-4,20141,0
20141125,4552014125,3,15214025,4-14-85-75-382-591-1,20141,0
20141126,4552014126,3,15214026,4-13-19-96-917-504-5,20141,0
20141127,4552014127,3,15214027,4-14-83-17-980-055-3,20141,0
20141128,4552014128,3,15214028,3-15-68-68-078-564-3,20141,0
20141129,4552014129,3,15214029,3-13-09-18-591-295-0,20141,0
20141130,4552014130,3,15214030,3-14-48-00-991-023-5,20141,0
20141131,4552014131,3,15214031,3-14-54-12-798-461-9,20141,0
20141132,4552014132,3,15214032,3-15-59-46-317-253-3,20141,0
20141133,4552014133,3,15214033,3-15-42-61-941-867-3,20141,0
20141134,4552014134,3,15214034,3-15-96-78-451-529-2,20141,0
20141135,4552014135,3,15214035,4-15-27-32-032-011-8,20141,0
20141136,4552014136,3,15214036,4-14-60-14-534-733-0,20141,0
20141137,4552014137,3,15214037,3-14-57-80-135-824-8,20141,0
20141138,4552014138,3,15214038,4-13-65-82-081-162-5,20141,0
20141139,4552014139,3,15214039,3-15-38-84-658-384-4,20141,0
20141140,4552014140,3,15214040,3-14-13-93-866-462-9,20141,0
20141141,4552014141,3,15214041,3-13-83-63-885-922-6,20141,0
20141142,4552014142,3,15214042,4-13-89-10-231-119-0,20141,0
20141143,4552014143,3,15214043,4-13-04-22-061-642-7,20141,0
20141144,4552014144,3,15214044,3-14-92-30-974-569-8,20141,0
20141145,4552014145,3,15214045,3-15-48-44-762-383-2,20141,0
20141146,4552014146,3,15214046,3-14-72-29-297-070-8,20141,0
20141147,4552014147,3,15214047,3-15-87-88-022-398-4,20141,0
20141148,4552014148,3,15214048,4-13-05-97-994-549-4,20141,0
20141149,4552014149,3,15214049,3-13-43-64-049-304-7,20141,0
20141150,4552014150,3,15214050,4-15-64-97-558-369-8,20141,0
20141151,4552014151,3,15014001,4-14-64-05-234-712-3,20141,0
20141152,4552014152,4,15014002,3-14-16-49-351-121-3,20141,0
20141153,4552014153,4,15014003,4-15-66-86-627-695-6,20141,0
20141154,4552014154,4,15014004,3-15-27-31-030-765-3,20141,0
20141155,4552014155,4,15014005,3-14-78-18-698-978-6,20141,0
20141156,4552014156,4,15014006,4-13-18-26-240-486-2,20141,0
20141157,4552014157,4,15014007,3-15-57-36-298-430-1,20141,0
20141158,4552014158,4,15014008,3-13-95-82-670-904-2,20141,0
20141159,4552014159,4,15014009,3-14-75-00-790-704-9,20141,0
20141160,4552014160,4,15014010,3-14-29-72-668-757-0,20141,0
20141161,4552014161,4,15014011,3-14-11-37-037-818-9,20141,0
20141162,4552014162,4,15014012,4-14-90-47-981-556-9,20141,0
20141163,4552014163,4,15014013,4-13-12-05-461-238-6,20141,0
20141164,4552014164,4,15014014,3-13-93-25-456-798-7,20141,0
20141165,4552014165,4,15014015,4-14-94-50-481-838-6,20141,0
20141166,4552014166,4,15014016,3-13-94-94-360-308-2,20141,0
20141167,4552014167,4,15014017,3-13-64-07-389-358-6,20141,0
20141168,4552014168,4,15014018,3-15-62-24-389-300-1,20141,0
20141169,4552014169,4,15014019,3-14-05-82-393-833-2,20141,0
20141170,4552014170,4,15014020,3-15-65-63-957-324-6,20141,0
20141171,4552014171,4,15014021,4-14-44-02-857-350-1,20141,0
20141172,4552014172,4,15014022,4-13-34-22-932-517-6,20141,0
20141173,4552014173,4,15014023,3-14-81-98-917-917-2,20141,0
20141174,4552014174,4,15014024,3-15-29-48-400-601-8,20141,0
20141175,4552014175,4,15014025,4-15-56-87-057-392-6,20141,0
20141176,4552014176,4,15014026,4-15-44-28-164-333-5,20141,0
20141177,4552014177,4,15014027,4-13-45-88-602-400-1,20141,0
20141178,4552014178,4,15014028,4-15-36-58-746-671-2,20141,0
20141179,4552014179,4,15014029,4-14-84-34-574-724-8,20141,0
20141180,4552014180,4,15014030,4-15-71-91-932-949-5,20141,0
20141181,4552014181,4,15014031,4-13-92-62-756-748-5,20141,0
20141182,4552014182,4,15014032,3-13-93-88-574-129-2,20141,0
20141183,4552014183,4,15014033,3-15-48-59-919-574-6,20141,0
20141184,4552014184,4,15014034,4-14-16-10-175-371-4,20141,0
20141185,4552014185,4,15014035,3-13-84-80-269-367-9,20141,0
20141186,4552014186,4,15014036,3-13-54-67-314-626-9,20141,0
20141187,4552014187,4,15014037,3-14-00-03-644-191-0,20141,0
20141188,4552014188,4,15014038,3-15-23-41-902-168-8,20141,0
20141189,4552014189,4,15014039,4-14-97-39-943-898-9,20141,0
20141190,4552014190,4,15014040,3-15-07-98-651-561-5,20141,0
20141191,4552014191,4,15014041,3-15-33-55-840-068-3,20141,0
20141192,4552014192,4,15014042,3-13-06-27-651-989-1,20141,0
20141193,4552014193,4,15014043,4-14-33-14-470-352-2,20141,0
20141194,4552014194,4,15014044,3-15-47-83-689-974-2,20141,0
20142195,4552014195,4,15014045,3-14-27-85-585-581-7,20141,0
20142196,4552014196,4,15014046,3-14-31-37-479-887-0,20141,0
20142197,4552014197,4,15014047,3-14-29-80-381-411-7,20141,0
20142198,4552014198,4,15014048,3-14-21-22-624-309-3,20141,0
20142199,4552014199,4,15014049,4-15-71-42-739-055-4,20141,0
20142200,4552014200,4,15014050,4-13-23-55-862-907-9,20141,0
20151001,4571015001,1,13515001,3-13-83-00-525-672-6,20151,0
20151002,4571015002,1,13515002,4-15-29-90-264-402-2,20151,0
20151003,4571015003,1,13515003,4-15-42-61-153-351-4,20151,0
20151004,4571015004,1,13515004,4-14-30-15-299-130-8,20151,0
20151005,4571015005,1,13515005,3-13-92-71-943-823-0,20151,0
20151006,4571015006,1,13515006,4-13-11-96-080-630-9,20151,0
20151007,4571015007,1,13515007,3-13-41-75-245-103-2,20151,0
20151008,4571015008,1,13515008,4-15-98-82-855-032-2,20151,0
20151009,4571015009,1,13515009,3-13-06-28-613-558-4,20151,0
20151010,4571015010,1,13515010,3-15-51-30-993-943-0,20151,0
20151011,4571015011,1,13515011,4-14-24-92-902-368-4,20151,0
20151012,4571015012,1,13515012,4-14-06-76-636-161-7,20151,0
20151013,4571015013,1,13515013,4-13-16-34-760-275-1,20151,0
20151014,4571015014,1,13515014,3-15-64-49-189-869-6,20151,0
20151015,4571015015,1,13515015,4-15-09-13-439-663-6,20151,0
20151016,4571015016,1,13515016,4-14-77-92-379-269-5,20151,0
20151017,4571015017,1,13515017,4-15-71-15-872-725-2,20151,0
20151018,4571015018,1,13515018,3-14-68-67-565-413-6,20151,0
20151019,4571015019,1,13515019,3-14-91-91-537-837-4,20151,0
20151020,4571015020,1,13515020,3-15-90-49-976-186-0,20151,0
20151021,4571015021,1,13515021,4-13-69-67-229-193-5,20151,0
20151022,4571015022,1,13515022,4-14-83-02-728-732-1,20151,0
20151023,4571015023,1,13515023,4-14-58-97-713-538-5,20151,0
20151024,4571015024,1,13515024,4-14-47-93-026-330-6,20151,0
20151025,4571015025,1,13515025,3-15-78-25-291-552-4,20151,0
20151026,4571015026,1,13515026,3-13-09-16-563-935-9,20151,0
20151027,4571015027,1,13515027,4-13-27-81-969-211-0,20151,0
20151028,4571015028,1,13515028,4-15-83-07-803-000-3,20151,0
20151029,4571015029,1,13515029,3-15-00-55-050-640-2,20151,0
20151030,4571015030,1,13515030,3-14-33-41-326-341-9,20151,0
20151031,4571015031,1,13515031,3-13-60-15-356-407-0,20151,0
20151032,4571015032,1,13515032,4-13-87-33-471-286-2,20151,0
20151033,4571015033,1,13515033,4-13-62-01-736-605-3,20151,0
20151034,4571015034,1,13515034,3-14-57-80-862-300-9,20151,0
20151035,4571015035,1,13515035,3-13-70-80-207-869-7,20151,0
20151036,4571015036,1,13515036,4-13-59-90-421-682-6,20151,0
20151037,4571015037,1,13515037,3-13-12-16-369-619-5,20151,0
20151038,4571015038,1,13515038,3-14-05-06-175-390-1,20151,0
20151039,4571015039,1,13515039,3-14-36-09-572-367-5,20151,0
20151040,4571015040,2,13515040,4-14-98-50-822-863-2,20151,0
20151041,4571015041,2,13515041,4-14-67-00-946-257-9,20151,0
20151042,4571015042,2,13515042,3-15-02-81-322-084-9,20151,0
20151043,4571015043,2,13515043,3-13-51-96-665-981-6,20151,0
20151044,4571015044,2,13515044,4-15-12-34-608-226-8,20151,0
20151045,4571015045,2,13515045,4-13-33-18-486-027-3,20151,0
20151046,4571015046,2,13515046,4-14-80-17-651-590-2,20151,0
20151047,4571015047,2,13515047,4-15-41-27-714-110-5,20151,0
20151048,4571015048,2,13515048,4-14-91-10-146-535-0,20151,0
20151049,4571015049,2,13515049,4-15-12-05-630-096-9,20151,0
20151050,4571015050,2,13515050,3-13-89-36-713-585-0,20151,0
20151051,4571015051,2,13215001,4-14-00-79-187-196-9,20151,0
20151052,4571015052,2,13215002,4-13-67-98-973-389-6,20151,0
20151053,4571015053,2,13215003,3-14-06-13-317-390-6,20151,0
20151054,4571015054,2,13215004,3-15-21-62-418-886-8,20151,0
20151055,4571015055,2,13215005,4-13-20-46-165-788-1,20151,0
20151056,4571015056,2,13215006,3-13-50-92-225-894-6,20151,0
20151057,4571015057,2,13215007,3-14-89-54-758-009-2,20151,0
20151058,4571015058,2,13215008,4-13-68-63-243-329-2,20151,0
20151059,4571015059,2,13215009,4-13-82-22-347-442-6,20151,0
20151060,4571015060,2,13215010,3-15-10-76-105-051-1,20151,0
20151061,4571015061,2,13215011,4-13-71-63-050-192-8,20151,0
20151062,4571015062,2,13215012,3-13-59-19-382-371-1,20151,0
20151063,4571015063,2,13215013,3-13-98-85-348-177-6,20151,0
20151064,4571015064,2,13215014,4-14-89-23-701-026-6,20151,0
20151065,4571015065,2,13215015,4-13-51-41-079-471-8,20151,0
20151066,4571015066,2,13215016,4-15-62-72-039-861-4,20151,0
20151067,4571015067,2,13215017,4-14-25-50-258-856-7,20151,0
20151068,4571015068,2,13215018,3-14-60-51-909-186-2,20151,0
20151069,4571015069,2,13215019,3-14-94-77-545-521-0,20151,0
20151070,4571015070,2,13215020,3-15-98-54-597-823-7,20151,0
20151071,4571015071,2,13215021,4-13-51-10-023-212-7,20151,0
20151072,4571015072,2,13215022,4-13-48-06-110-677-6,20151,0
20151073,4571015073,2,13215023,3-14-47-78-929-778-0,20151,0
20151074,4571015074,2,13215024,4-13-47-81-954-762-3,20151,0
20151075,4571015075,2,13215025,4-13-37-77-316-803-7,20151,0
20151076,4571015076,2,13215026,4-14-92-28-540-184-2,20151,0
20151077,4571015077,2,13215027,3-13-75-44-205-834-8,20151,0
20151078,4571015078,2,13215028,3-13-97-82-554-004-2,20151,0
20151079,4571015079,2,13215029,3-13-72-48-297-787-8,20151,0
20151080,4571015080,2,13215030,4-14-75-44-383-868-1,20151,0
20151081,4571015081,2,13215031,4-15-61-39-116-013-7,20151,0
20151082,4571015082,2,13215032,3-13-12-75-756-433-6,20151,0
20151083,4571015083,2,13215033,4-14-97-04-860-123-0,20151,0
20151084,4571015084,2,13215034,4-14-11-13-660-544-3,20151,0
20151085,4571015085,2,13215035,4-13-85-93-958-354-9,20151,0
20151086,4571015086,2,13215036,4-13-21-90-281-179-7,20151,0
20151087,4571015087,2,13215037,4-13-81-07-618-618-5,20151,0
20151088,4571015088,2,13215038,3-13-79-48-293-609-5,20151,0
20151089,4571015089,2,13215039,4-14-33-79-829-480-0,20151,0
20151090,4571015090,2,13215040,3-13-68-77-414-267-2,20151,0
20151091,4571015091,2,13215041,3-15-56-67-935-699-8,20151,0
20151092,4571015092,2,13215042,3-13-02-84-914-493-5,20151,0
20151093,4571015093,2,13215043,3-15-76-60-530-184-0,20151,0
20151094,4571015094,2,13215044,4-13-52-92-099-114-1,20151,0
20151095,4571015095,2,13215045,4-15-76-47-479-255-3,20151,0
20151096,4571015096,2,13215046,3-15-67-56-539-341-0,20151,0
20151097,4571015097,2,13215047,4-13-99-85-198-998-8,20151,0
20151098,4571015098,2,13215048,3-15-01-17-127-518-3,20151,0
20151099,4571015099,2,13215049,3-13-03-54-560-693-2,20151,0
20151100,4571015100,2,13215050,4-14-47-20-782-951-5,20151,0
20151101,4571015101,2,15215001,4-13-98-06-157-922-1,20151,0
20151102,4571015102,3,15215002,3-14-51-29-303-522-9,20151,0
20151103,4571015103,3,15215003,3-15-52-27-490-728-9,20151,0
20151104,4571015104,3,15215004,3-14-99-85-764-366-9,20151,0
20151105,4571015105,3,15215005,3-15-12-88-725-715-7,20151,0
20151106,4571015106,3,15215006,3-15-47-68-399-599-3,20151,0
20151107,4571015107,3,15215007,3-15-34-87-553-722-8,20151,0
20151108,4571015108,3,15215008,4-15-20-83-717-680-8,20151,0
20151109,4571015109,3,15215009,3-14-35-41-269-263-7,20151,0
20151110,4571015110,3,15215010,4-13-08-20-969-549-2,20151,0
20151111,4571015111,3,15215011,3-14-73-76-301-921-3,20151,0
20151112,4571015112,3,15215012,3-13-58-13-353-691-7,20151,0
20151113,4571015113,3,15215013,4-13-93-32-808-189-0,20151,0
20151114,4571015114,3,15215014,4-13-07-94-224-459-2,20151,0
20151115,4571015115,3,15215015,3-15-81-40-477-311-0,20151,0
20151116,4571015116,3,15215016,4-13-86-99-814-069-2,20151,0
20151117,4571015117,3,15215017,4-15-82-42-838-068-1,20151,0
20151118,4571015118,3,15215018,4-15-28-21-667-990-2,20151,0
20151119,4571015119,3,15215019,4-15-41-32-601-488-2,20151,0
20151120,4571015120,3,15215020,3-14-15-53-692-453-8,20151,0
20151121,4571015121,3,15215021,3-13-35-01-983-171-5,20151,0
20151122,4571015122,3,15215022,3-13-69-72-602-242-7,20151,0
20151123,4571015123,3,15215023,3-15-39-79-084-227-0,20151,0
20151124,4571015124,3,15215024,3-15-59-48-763-868-3,20151,0
20151125,4571015125,3,15215025,3-15-08-63-546-787-8,20151,0
20151126,4571015126,3,15215026,4-14-06-17-359-770-8,20151,0
20151127,4571015127,3,15215027,4-13-54-12-527-741-1,20151,0
20151128,4571015128,3,15215028,4-15-54-24-420-041-8,20151,0
20151129,4571015129,3,15215029,4-13-43-68-162-771-1,20151,0
20151130,4571015130,3,15215030,4-14-04-65-020-625-3,20151,0
20151131,4571015131,3,15215031,4-15-76-65-313-467-8,20151,0
20151132,4571015132,3,15215032,4-14-66-57-675-893-1,20151,0
20151133,4571015133,3,15215033,3-15-58-50-529-890-3,20151,0
20151134,4571015134,3,15215034,3-15-60-54-533-823-3,20151,0
20151135,4571015135,3,15215035,4-15-37-22-747-561-7,20151,0
20151136,4571015136,3,15215036,3-15-26-52-673-268-2,20151,0
20151137,4571015137,3,15215037,4-14-64-73-331-013-8,20151,0
20151138,4571015138,3,15215038,3-14-97-47-220-605-1,20151,0
20151139,4571015139,3,15215039,4-13-40-69-980-280-3,20151,0
20151140,4571015140,3,15215040,3-15-74-07-567-063-3,20151,0
20151141,4571015141,3,15215041,3-14-69-05-195-086-4,20151,0
20151142,4571015142,3,15215042,4-13-87-74-170-068-4,20151,0
20151143,4571015143,3,15215043,3-13-12-24-368-639-8,20151,0
20151144,4571015144,3,15215044,4-15-48-78-589-466-9,20151,0
20151145,4571015145,3,15215045,4-14-99-86-177-209-5,20151,0
20151146,4571015146,3,15215046,4-14-00-17-031-361-9,20151,0
20151147,4571015147,3,15215047,3-13-00-62-492-530-2,20151,0
20151148,4571015148,3,15215048,4-13-35-76-193-522-7,20151,0
20151149,4571015149,3,15215049,3-14-07-88-916-613-0,20151,0
20151150,4571015150,3,15215050,4-14-45-04-563-548-9,20151,0
20151151,4571015151,4,15015001,4-14-76-06-061-010-3,20151,0
20151152,4571015152,4,15015002,4-15-50-35-850-570-7,20151,0
20151153,4571015153,4,15015003,4-15-16-42-405-801-3,20151,0
20151154,4571015154,4,15015004,4-15-24-06-194-585-7,20151,0
20151155,4571015155,4,15015005,3-14-67-84-144-718-2,20151,0
20151156,4571015156,4,15015006,4-14-38-27-593-166-2,20151,0
20151157,4571015157,4,15015007,4-15-24-82-899-110-5,20151,0
20151158,4571015158,4,15015008,4-13-91-98-910-797-6,20151,0
20151159,4571015159,4,15015009,4-15-52-79-550-507-7,20151,0
20151160,4571015160,4,15015010,3-13-94-28-061-015-9,20151,0
20151161,4571015161,4,15015011,3-14-87-64-844-340-9,20151,0
20151162,4571015162,4,15015012,4-15-56-47-256-153-5,20151,0
20151163,4571015163,4,15015013,4-15-42-78-721-330-6,20151,0
20151164,4571015164,4,15015014,4-14-06-24-293-528-8,20151,0
20151165,4571015165,4,15015015,3-14-39-85-785-730-3,20151,0
20151166,4571015166,4,15015016,4-13-90-80-969-434-7,20151,0
20151167,4571015167,4,15015017,4-14-68-78-902-479-7,20151,0
20151168,4571015168,4,15015018,4-15-62-44-116-359-8,20151,0
20151169,4571015169,4,15015019,4-15-03-71-159-507-9,20151,0
20151170,4571015170,4,15015020,3-13-96-33-680-008-9,20151,0
20151171,4571015171,4,15015021,4-13-02-94-163-449-6,20151,0
20151172,4571015172,4,15015022,3-13-69-86-309-034-1,20151,0
20151173,4571015173,4,15015023,4-13-12-59-715-644-0,20151,0
20151174,4571015174,4,15015024,4-14-03-84-869-956-6,20151,0
20151175,4571015175,4,15015025,3-15-49-18-796-679-0,20151,0
20151176,4571015176,4,15015026,4-15-67-55-299-419-1,20151,0
20151177,4571015177,4,15015027,3-15-86-59-838-789-5,20151,0
20151178,4571015178,4,15015028,4-13-62-61-617-074-3,20151,0
20151179,4571015179,4,15015029,3-15-46-47-783-049-4,20151,0
20151180,4571015180,4,15015030,3-14-80-89-264-015-9,20151,0
20151181,4571015181,4,15015031,3-13-71-30-445-003-4,20151,0
20151182,4571015182,4,15015032,4-13-40-51-101-779-4,20151,0
20151183,4571015183,4,15015033,3-13-44-24-798-172-8,20151,0
20151184,4571015184,4,15015034,3-13-20-96-084-142-4,20151,0
20151185,4571015185,4,15015035,4-15-43-07-185-304-5,20151,0
20151186,4571015186,4,15015036,4-15-78-00-895-452-8,20151,0
20151187,4571015187,4,15015037,4-15-71-23-842-244-6,20151,0
20151188,4571015188,4,15015038,4-14-79-27-769-205-2,20151,0
20151189,4571015189,4,15015039,3-14-00-74-918-190-2,20151,0
20151190,4571015190,4,15015040,4-14-44-93-340-120-6,20151,0
20151191,4571015191,4,15015041,3-13-62-02-284-687-5,20151,0
20151192,4571015192,4,15015042,3-14-93-50-907-613-6,20151,0
20151193,4571015193,4,15015043,4-13-24-47-868-394-5,20151,0
20151194,4571015194,4,15015044,3-13-13-13-047-181-8,20151,0
20151195,4571015195,4,15015045,3-15-21-28-258-481-8,20151,0
20151196,4571015196,4,15015046,3-13-99-44-287-037-7,20151,0
20151197,4571015197,4,15015047,4-13-46-44-467-037-7,20151,0
20151198,4571015198,4,15015050,3-15-55-11-875-815-9,20151,0
20151199,4571015199,4,15015049,3-14-53-61-334-388-0,20151,0
20151200,4571015200,4,15015048,4-14-44-50-613-551-7,20151,0
20161001,4602016001,1,13516001,3-13-72-81-899-675-0,20161,0
20161002,4602016002,1,13516002,4-15-42-00-041-462-5,20161,0
20161003,4602016003,1,13516003,4-13-12-83-132-103-4,20161,0
20161004,4602016004,1,13516004,4-14-05-13-330-615-0,20161,0
20161005,4602016005,1,13516005,4-15-85-03-655-674-2,20161,0
20161006,4602016006,1,13516006,4-15-75-33-842-449-4,20161,0
20161007,4602016007,1,13516007,4-13-46-69-730-004-1,20161,0
20161008,4602016008,1,13516008,4-13-64-21-384-362-7,20161,0
20161009,4602016009,1,13516009,3-15-45-97-932-538-7,20161,0
20161010,4602016010,1,13516010,3-13-18-50-062-657-4,20161,0
20161011,4602016011,1,13516011,4-13-13-68-737-074-6,20161,0
20161012,4602016012,1,13516012,4-13-67-95-466-759-6,20161,0
20161013,4602016013,1,13516013,3-13-86-44-739-893-5,20161,0
20161014,4602016014,1,13516014,3-14-95-04-169-583-1,20161,0
20161015,4602016015,1,13516015,3-13-31-97-928-720-3,20161,0
20161016,4602016016,1,13516016,4-14-49-46-325-140-2,20161,0
20161017,4602016017,1,13516017,4-15-70-52-782-058-1,20161,0
20161018,4602016018,2,13516018,4-13-10-18-025-993-0,20161,0
20161019,4602016019,2,13516019,3-13-85-94-222-038-5,20161,0
20161020,4602016020,2,13516020,4-14-90-70-546-544-2,20161,0
20161021,4602016021,2,13516021,3-14-02-68-131-890-9,20161,0
20161022,4602016022,2,13516022,3-15-28-95-469-532-6,20161,0
20161023,4602016023,2,13516023,3-15-52-12-691-254-7,20161,0
20161024,4602016024,2,13516024,3-13-44-25-605-294-9,20161,0
20161025,4602016025,2,13516025,4-13-24-87-704-254-8,20161,0
20161026,4602016026,2,13516026,4-13-72-91-046-949-9,20161,0
20161027,4602016027,2,13516027,4-14-17-99-133-926-3,20161,0
20161028,4602016028,2,13516028,4-14-98-08-980-004-3,20161,0
20161029,4602016029,2,13516029,4-13-19-07-527-986-9,20161,0
20161030,4602016030,2,13516030,3-14-86-09-761-269-9,20161,0
20161031,4602016031,2,13516031,3-14-02-17-883-392-7,20161,0
20161032,4602016032,2,13516032,3-14-09-09-073-722-8,20161,0
20161033,4602016033,2,13516033,4-14-98-36-874-064-5,20161,0
20161034,4602016034,2,13516034,4-14-15-84-957-857-1,20161,0
20161035,4602016035,2,13516035,4-14-42-59-475-200-9,20161,0
20161036,4602016036,2,13516036,4-15-99-03-355-115-9,20161,0
20161037,4602016037,2,13516037,4-13-33-30-659-826-0,20161,0
20161038,4602016038,2,13516038,4-13-83-65-663-392-5,20161,0
20161039,4602016039,2,13516039,4-14-84-48-216-010-2,20161,0
20161040,4602016040,2,13516040,4-14-13-81-429-544-4,20161,0
20161041,4602016041,1,13516041,4-13-31-66-965-396-5,20161,0
20161042,4602016042,1,13516042,3-13-42-52-445-037-5,20161,0
20161043,4602016043,1,13516043,4-15-63-50-247-551-9,20161,0
20161044,4602016044,1,13516044,4-13-71-62-742-525-3,20161,0
20161045,4602016045,1,13516045,4-14-17-30-792-022-7,20161,0
20161046,4602016046,1,13516046,4-15-78-11-913-141-6,20161,0
20161047,4602016047,1,13516047,4-15-05-34-768-983-9,20161,0
20161048,4602016048,1,13516048,4-14-45-76-114-833-0,20161,0
20161049,4602016049,1,13516049,3-15-56-54-505-938-6,20161,0
20161050,4602016050,1,13516050,4-15-46-52-412-695-7,20161,0
20161051,4602016051,1,13216001,4-13-13-17-210-803-7,20161,0
20161052,4602016052,1,13216002,3-15-80-13-762-163-8,20161,0
20161053,4602016053,1,13216003,4-13-25-88-461-895-8,20161,0
20161054,4602016054,1,13216004,4-14-46-12-223-791-9,20161,0
20161055,4602016055,1,13216005,4-13-41-45-888-322-2,20161,0
20161056,4602016056,1,13216006,4-14-07-06-120-788-2,20161,0
20161057,4602016057,1,13216007,3-15-29-26-527-214-0,20161,0
20161058,4602016058,1,13216008,4-13-30-40-935-514-0,20161,0
20161059,4602016059,1,13216009,3-13-80-34-279-109-9,20161,0
20161060,4602016060,1,13216010,4-13-11-11-956-283-2,20161,0
20161061,4602016061,1,13216011,4-15-06-81-212-464-8,20161,0
20161062,4602016062,1,13216012,3-15-45-24-507-774-3,20161,0
20161063,4602016063,1,13216013,3-13-00-63-627-756-8,20161,0
20161064,4602016064,1,13216014,4-14-34-80-232-266-4,20161,0
20161065,4602016065,1,13216015,4-14-14-78-563-378-4,20161,0
20161066,4602016066,1,13216016,4-15-46-04-432-155-2,20161,0
20161067,4602016067,1,13216017,4-13-35-56-730-541-1,20161,0
20161068,4602016068,1,13216018,4-13-05-21-523-617-9,20161,0
20161069,4602016069,1,13216019,3-13-81-72-022-344-3,20161,0
20161070,4602016070,1,13216020,4-13-44-56-589-878-3,20161,0
20161071,4602016071,1,13216021,3-15-21-08-116-282-5,20161,0
20161072,4602016072,1,13216022,3-14-06-07-247-919-0,20161,0
20161073,4602016073,1,13216023,4-13-97-93-407-441-9,20161,0
20161074,4602016074,1,13216024,4-15-41-94-864-828-4,20161,0
20161075,4602016075,1,13216025,3-13-95-98-401-626-1,20161,0
20161076,4602016076,2,13216026,4-15-48-00-887-960-0,20161,0
20161077,4602016077,2,13216027,3-13-07-88-419-605-4,20161,0
20161078,4602016078,2,13216028,4-14-78-71-046-002-3,20161,0
20161079,4602016079,2,13216029,3-14-48-65-236-117-4,20161,0
20161080,4602016080,2,13216030,4-15-47-13-072-495-2,20161,0
20161081,4602016081,2,13216031,3-15-09-73-500-205-1,20161,0
20161082,4602016082,2,13216032,3-14-82-45-651-341-5,20161,0
20161083,4602016083,2,13216033,3-13-27-01-835-629-0,20161,0
20161084,4602016084,2,13216034,4-13-89-37-566-928-0,20161,0
20161085,4602016085,2,13216035,4-14-69-72-062-803-0,20161,0
20161086,4602016086,2,13216036,3-14-71-52-624-794-9,20161,0
20161087,4602016087,2,13216037,3-14-44-76-720-875-0,20161,0
20161088,4602016088,2,13216038,3-15-90-56-797-249-5,20161,0
20161089,4602016089,2,13216039,3-15-70-83-814-546-2,20161,0
20161090,4602016090,2,13216040,4-14-75-06-596-749-8,20161,0
20161091,4602016091,2,13216041,4-15-01-19-898-448-8,20161,0
20161092,4602016092,2,13216042,3-14-18-85-330-663-6,20161,0
20161093,4602016093,2,13216043,3-13-30-04-153-974-3,20161,0
20161094,4602016094,2,13216044,4-15-33-16-755-487-7,20161,0
20161095,4602016095,2,13216045,3-13-68-80-811-612-7,20161,0
20161096,4602016096,2,13216046,4-15-90-06-042-779-4,20161,0
20161097,4602016097,2,13216047,4-15-11-87-401-698-2,20161,0
20161098,4602016098,4,13216048,4-15-22-26-872-174-6,20161,0
20161099,4602016099,4,13216049,3-14-63-29-013-984-1,20161,0
20161100,4602016100,4,13216050,4-13-99-80-742-929-4,20161,0
20161101,4602016101,4,15216001,3-13-10-23-578-528-0,20161,0
20161102,4602016102,4,15216002,4-13-87-07-427-558-2,20161,0
20161103,4602016103,4,15216003,4-15-99-86-470-970-2,20161,0
20161104,4602016104,4,15216004,3-15-49-19-585-699-4,20161,0
20161105,4602016105,4,15216005,4-13-39-82-269-590-5,20161,0
20161106,4602016106,4,15216006,4-13-96-34-577-901-0,20161,0
20161107,4602016107,4,15216007,3-13-26-21-513-627-6,20161,0
20161108,4602016108,4,15216008,3-15-37-96-568-497-6,20161,0
20161109,4602016109,4,15216009,3-14-93-68-253-846-2,20161,0
20161110,4602016110,4,15216010,4-13-29-48-078-995-4,20161,0
20161111,4602016111,4,15216011,4-15-07-53-478-006-4,20161,0
20161112,4602016112,4,15216012,3-14-52-64-057-474-6,20161,0
20161113,4602016113,4,15216013,4-14-04-45-372-580-0,20161,0
20161114,4602016114,4,15216014,3-15-17-67-907-956-7,20161,0
20161115,4602016115,4,15216015,4-15-47-67-355-887-9,20161,0
20161116,4602016116,4,15216016,4-13-34-39-527-925-4,20161,0
20161117,4602016117,4,15216017,4-13-51-72-523-405-0,20161,0
20161118,4602016118,4,15216018,3-13-69-94-891-974-2,20161,0
20161119,4602016119,4,15216019,4-13-27-79-479-151-7,20161,0
20161120,4602016120,4,15216020,3-13-28-97-772-768-6,20161,0
20161121,4602016121,4,15216021,4-13-42-08-802-449-7,20161,0
20161122,4602016122,4,15216022,3-13-72-17-035-684-6,20161,0
20161123,4602016123,4,15216023,4-14-37-66-608-737-9,20161,0
20161124,4602016124,4,15216024,4-13-64-63-120-188-8,20161,0
20161125,4602016125,4,15216025,4-15-43-17-526-844-5,20161,0
20161126,4602016126,4,15216026,3-13-49-90-974-687-9,20161,0
20161127,4602016127,4,15216027,3-15-88-17-376-969-9,20161,0
20161128,4602016128,4,15216028,4-14-27-51-408-333-7,20161,0
20161129,4602016129,4,15216029,4-15-17-39-667-128-4,20161,0
20161130,4602016130,4,15216030,3-15-86-50-014-014-0,20161,0
20161131,4602016131,4,15216031,3-14-38-24-266-939-3,20161,0
20161132,4602016132,4,15216032,3-15-40-84-837-403-3,20161,0
20161133,4602016133,4,15216033,4-14-57-54-953-136-1,20161,0
20161134,4602016134,4,15216034,3-15-04-84-875-026-6,20161,0
20161135,4602016135,4,15216035,3-15-05-88-481-915-2,20161,0
20161136,4602016136,4,15216036,4-15-93-24-382-861-6,20161,0
20161137,4602016137,4,15216037,3-14-22-86-420-644-7,20161,0
20161138,4602016138,4,15216038,3-14-85-66-788-343-6,20161,0
20161139,4602016139,4,15216039,3-15-12-96-727-504-9,20161,0
20161140,4602016140,4,15216040,4-13-72-87-250-954-2,20161,0
20161141,4602016141,4,15216041,4-14-66-98-867-423-3,20161,0
20161142,4602016142,4,15216042,4-13-21-72-677-060-1,20161,0
20161143,4602016143,4,15216043,4-14-08-22-636-882-6,20161,0
20161144,4602016144,4,15216044,4-13-51-97-957-525-5,20161,0
20161145,4602016145,4,15216045,3-13-73-62-166-804-6,20161,0
20161146,4602016146,4,15216046,3-15-08-43-740-930-7,20161,0
20161147,4602016147,4,15216047,3-13-03-97-897-919-7,20161,0
20161148,4602016148,4,15216048,4-15-91-83-546-626-7,20161,0
20161149,4602016149,4,15216049,3-14-98-34-069-310-6,20161,0
20161150,4602016150,4,15216050,4-15-46-95-564-049-8,20161,0
20161151,4602016151,4,15016001,3-13-45-95-941-842-4,20161,0
20161152,4602016152,3,15016002,3-14-87-77-720-971-0,20161,0
20161153,4602016153,3,15016003,4-13-53-07-437-739-5,20161,0
20161154,4602016154,3,15016004,3-15-19-85-508-208-2,20161,0
20161155,4602016155,3,15016005,3-14-80-50-287-069-0,20161,0
20161156,4602016156,3,15016006,4-13-31-89-902-807-6,20161,0
20161157,4602016157,3,15016007,3-14-68-88-235-779-8,20161,0
20161158,4602016158,3,15016008,4-13-16-20-728-917-6,20161,0
20161159,4602016159,3,15016009,4-14-67-57-750-186-6,20161,0
20161160,4602016160,3,15016010,4-13-45-23-477-354-4,20161,0
20161161,4602016161,3,15016011,4-14-22-90-577-563-9,20161,0
20161162,4602016162,3,15016012,3-15-76-01-700-119-8,20161,0
20161163,4602016163,3,15016013,4-14-56-42-817-868-2,20161,0
20161164,4602016164,3,15016014,3-13-10-99-416-426-4,20161,0
20161165,4602016165,3,15016015,3-15-53-35-296-463-9,20161,0
20161166,4602016166,3,15016016,4-13-93-99-398-298-7,20161,0
20161167,4602016167,3,15016017,4-14-23-19-762-254-5,20161,0
20161168,4602016168,3,15016018,3-15-02-07-275-609-2,20161,0
20161169,4602016169,3,15016019,3-13-69-27-889-272-5,20161,0
20161170,4602016170,3,15016020,4-14-32-09-283-202-4,20161,0
20161171,4602016171,3,15016021,4-14-56-27-015-311-2,20161,0
20161172,4602016172,3,15016022,4-15-83-96-776-845-2,20161,0
20161173,4602016173,3,15016023,4-15-23-88-908-204-9,20161,0
20161174,4602016174,3,15016024,3-14-55-35-530-759-5,20161,0
20161175,4602016175,3,15016025,3-14-11-30-367-643-2,20161,0
20161176,4602016176,3,15016026,4-15-06-54-399-562-7,20161,0
20161177,4602016177,3,15016027,3-14-07-02-094-631-6,20161,0
20161178,4602016178,3,15016028,3-13-11-21-867-929-7,20161,0
20161179,4602016179,3,15016029,3-13-65-79-147-775-4,20161,0
20161180,4602016180,3,15016030,3-13-60-95-460-564-1,20161,0
20161181,4602016181,3,15016031,4-13-85-29-244-961-7,20161,0
20161182,4602016182,3,15016032,4-13-47-63-180-956-3,20161,0
20161183,4602016183,3,15016033,4-14-64-73-263-290-7,20161,0
20161184,4602016184,3,15016034,3-15-97-57-928-203-0,20161,0
20161185,4602016185,3,15016035,3-14-25-10-588-355-1,20161,0
20161186,4602016186,3,15016036,3-15-89-59-537-774-1,20161,0
20161187,4602016187,3,15016037,4-14-15-96-210-034-1,20161,0
20161188,4602016188,3,15016038,4-13-59-30-399-334-3,20161,0
20161189,4602016189,3,15016039,4-13-89-76-656-607-6,20161,0
20161190,4602016190,3,15016040,4-13-16-28-553-933-2,20161,0
20161191,4602016191,3,15016041,3-15-57-78-163-475-6,20161,0
20161192,4602016192,3,15016042,3-14-38-92-845-277-0,20161,0
20161193,4602016193,3,15016043,3-14-43-07-789-290-5,20161,0
20161194,4602016194,3,15016044,3-13-63-75-435-808-7,20161,0
20161195,4602016195,3,15016045,4-13-84-25-037-143-4,20161,0
20161196,4602016196,3,15016046,3-14-20-92-016-068-5,20161,0
20161197,4602016197,3,15016047,3-14-52-05-670-839-9,20161,0
20161198,4602016198,3,15016048,3-14-08-63-480-811-5,20161,0
20161199,4602016199,3,15016049,4-15-35-12-071-899-3,20161,0
20161200,4602016200,3,15016050,3-14-82-05-970-370-3,20161,0
